Day,Twilight start,Sunrise,Sunset,Twilight end,Day length,Solar noon,Nautical twilight Start,Nautical twilight End,Astronomical twilight Start,Astronomical twilight End
01/01/2022,7:35:08 AM,8:13:58 AM,4:05:15 PM,4:44:05 PM,07:51:17,12:09:36 PM,6:51 AM,5:28 PM,6:09 AM,6:09 PM
02/01/2022,7:35:03 AM,8:13:48 AM,4:06:21 PM,4:45:06 PM,07:52:33,12:10:05 PM,6:51 AM,5:28 PM,6:09 AM,6:10 PM
03/01/2022,7:34:55 AM,8:13:35 AM,4:07:29 PM,4:46:09 PM,07:53:54,12:10:32 PM,6:51 AM,5:29 PM,6:09 AM,6:11 PM
04/01/2022,7:34:44 AM,8:13:19 AM,4:08:40 PM,4:47:15 PM,07:55:21,12:11:00 PM,6:50 AM,5:31 PM,6:09 AM,6:12 PM
05/01/2022,7:34:29 AM,8:12:59 AM,4:09:54 PM,4:48:23 PM,07:56:55,12:11:26 PM,6:50 AM,5:32 PM,6:09 AM,6:13 PM
06/01/2022,7:34:12 AM,8:12:36 AM,4:11:10 PM,4:49:34 PM,07:58:34,12:11:53 PM,6:50 AM,5:33 PM,6:09 AM,6:14 PM
07/01/2022,7:33:52 AM,8:12:10 AM,4:12:28 PM,4:50:46 PM,08:00:18,12:12:19 PM,6:50 AM,5:34 PM,6:09 AM,6:15 PM
08/01/2022,7:33:28 AM,8:11:40 AM,4:13:49 PM,4:52:01 PM,08:02:09,12:12:44 PM,6:50 AM,5:35 PM,6:08 AM,6:16 PM
09/01/2022,7:33:01 AM,8:11:07 AM,4:15:12 PM,4:53:17 PM,08:04:05,12:13:09 PM,6:49 AM,5:36 PM,6:08 AM,6:17 PM
10/01/2022,7:32:32 AM,8:10:30 AM,4:16:37 PM,4:54:36 PM,08:06:07,12:13:34 PM,6:49 AM,5:37 PM,6:08 AM,6:18 PM
11/01/2022,7:31:59 AM,8:09:51 AM,4:18:04 PM,4:55:56 PM,08:08:13,12:13:58 PM,6:48 AM,5:39 PM,6:07 AM,6:20 PM
12/01/2022,7:31:24 AM,8:09:08 AM,4:19:34 PM,4:57:18 PM,08:10:26,12:14:21 PM,6:48 AM,5:40 PM,6:07 AM,6:21 PM
13/01/2022,7:30:45 AM,8:08:22 AM,4:21:05 PM,4:58:42 PM,08:12:43,12:14:44 PM,6:47 AM,5:41 PM,6:06 AM,6:22 PM
14/01/2022,7:30:04 AM,8:07:33 AM,4:22:38 PM,5:00:07 PM,08:15:05,12:15:06 PM,6:47 AM,5:43 PM,6:06 AM,6:23 PM
15/01/2022,7:29:19 AM,8:06:41 AM,4:24:12 PM,5:01:35 PM,08:17:31,12:15:27 PM,6:46 AM,5:44 PM,6:05 AM,6:25 PM
16/01/2022,7:28:32 AM,8:05:46 AM,4:25:49 PM,5:03:03 PM,08:20:03,12:15:48 PM,6:45 AM,5:45 PM,6:05 AM,6:26 PM
17/01/2022,7:27:42 AM,8:04:48 AM,4:27:27 PM,5:04:33 PM,08:22:39,12:16:08 PM,6:45 AM,5:47 PM,6:04 AM,6:27 PM
18/01/2022,7:26:49 AM,8:03:48 AM,4:29:06 PM,5:06:04 PM,08:25:18,12:16:27 PM,6:44 AM,5:48 PM,6:03 AM,6:29 PM
19/01/2022,7:25:54 AM,8:02:44 AM,4:30:47 PM,5:07:37 PM,08:28:03,12:16:45 PM,6:43 AM,5:50 PM,6:02 AM,6:30 PM
20/01/2022,7:24:56 AM,8:01:38 AM,4:32:29 PM,5:09:11 PM,08:30:51,12:17:03 PM,6:42 AM,5:51 PM,6:02 AM,6:31 PM
21/01/2022,7:23:55 AM,8:00:29 AM,4:34:12 PM,5:10:46 PM,08:33:43,12:17:20 PM,6:41 AM,5:52 PM,6:01 AM,6:33 PM
22/01/2022,7:22:52 AM,7:59:17 AM,4:35:56 PM,5:12:22 PM,08:36:39,12:17:37 PM,6:40 AM,5:54 PM,6:00 AM,6:34 PM
23/01/2022,7:21:46 AM,7:58:03 AM,4:37:41 PM,5:13:59 PM,08:39:38,12:17:52 PM,6:39 AM,5:55 PM,5:59 AM,6:36 PM
24/01/2022,7:20:37 AM,7:56:46 AM,4:39:28 PM,5:15:37 PM,08:42:42,12:18:07 PM,6:38 AM,5:57 PM,5:58 AM,6:37 PM
25/01/2022,7:19:26 AM,7:55:27 AM,4:41:15 PM,5:17:16 PM,08:45:48,12:18:21 PM,6:37 AM,5:59 PM,5:57 AM,6:39 PM
26/01/2022,7:18:13 AM,7:54:05 AM,4:43:03 PM,5:18:55 PM,08:48:58,12:18:34 PM,6:36 AM,6:00 PM,5:56 AM,6:40 PM
27/01/2022,7:16:57 AM,7:52:41 AM,4:44:52 PM,5:20:36 PM,08:52:11,12:18:46 PM,6:35 AM,6:02 PM,5:55 AM,6:42 PM
28/01/2022,7:15:39 AM,7:51:15 AM,4:46:41 PM,5:22:17 PM,08:55:26,12:18:58 PM,6:34 AM,6:03 PM,5:54 AM,6:43 PM
29/01/2022,7:14:18 AM,7:49:46 AM,4:48:31 PM,5:23:59 PM,08:58:45,12:19:09 PM,6:32 AM,6:05 PM,5:53 AM,6:45 PM
30/01/2022,7:12:56 AM,7:48:15 AM,4:50:22 PM,5:25:42 PM,09:02:07,12:19:19 PM,6:31 AM,6:06 PM,5:51 AM,6:46 PM
31/01/2022,7:11:31 AM,7:46:42 AM,4:52:13 PM,5:27:25 PM,09:05:31,12:19:28 PM,6:30 AM,6:08 PM,5:50 AM,6:48 PM
01/02/2022,7:10:04 AM,7:45:07 AM,4:54:05 PM,5:29:08 PM,09:08:58,12:19:36 PM,6:29 AM,6:10 PM,5:49 AM,6:49 PM
02/02/2022,7:08:34 AM,7:43:30 AM,4:55:57 PM,5:30:53 PM,09:12:27,12:19:43 PM,6:27 AM,6:11 PM,5:47 AM,6:51 PM
03/02/2022,7:07:03 AM,7:41:51 AM,4:57:49 PM,5:32:37 PM,09:15:58,12:19:50 PM,6:26 AM,6:13 PM,5:46 AM,6:53 PM
04/02/2022,7:05:30 AM,7:40:11 AM,4:59:41 PM,5:34:22 PM,09:19:30,12:19:56 PM,6:24 AM,6:15 PM,5:45 AM,6:54 PM
05/02/2022,7:03:55 AM,7:38:28 AM,5:01:34 PM,5:36:07 PM,09:23:06,12:20:01 PM,6:23 AM,6:16 PM,5:43 AM,6:56 PM
06/02/2022,7:02:18 AM,7:36:43 AM,5:03:27 PM,5:37:53 PM,09:26:44,12:20:05 PM,6:21 AM,6:18 PM,5:42 AM,6:58 PM
07/02/2022,7:00:39 AM,7:34:57 AM,5:05:20 PM,5:39:39 PM,09:30:23,12:20:09 PM,6:20 AM,6:20 PM,5:40 AM,6:59 PM
08/02/2022,6:58:58 AM,7:33:09 AM,5:07:14 PM,5:41:25 PM,09:34:05,12:20:11 PM,6:18 AM,6:21 PM,5:39 AM,7:01 PM
09/02/2022,6:57:15 AM,7:31:20 AM,5:09:07 PM,5:43:11 PM,09:37:47,12:20:13 PM,6:16 AM,6:23 PM,5:37 AM,7:02 PM
10/02/2022,6:55:31 AM,7:29:28 AM,5:11:00 PM,5:44:58 PM,09:41:32,12:20:14 PM,6:15 AM,6:25 PM,5:35 AM,7:04 PM
11/02/2022,6:53:45 AM,7:27:36 AM,5:12:54 PM,5:46:45 PM,09:45:18,12:20:15 PM,6:13 AM,6:26 PM,5:34 AM,7:06 PM
12/02/2022,6:51:57 AM,7:25:41 AM,5:14:47 PM,5:48:31 PM,09:49:06,12:20:14 PM,6:11 AM,6:28 PM,5:32 AM,7:08 PM
13/02/2022,6:50:07 AM,7:23:46 AM,5:16:40 PM,5:50:18 PM,09:52:54,12:20:13 PM,6:10 AM,6:30 PM,5:30 AM,7:09 PM
14/02/2022,6:48:16 AM,7:21:49 AM,5:18:33 PM,5:52:05 PM,09:56:44,12:20:11 PM,6:08 AM,6:32 PM,5:28 AM,7:11 PM
15/02/2022,6:46:24 AM,7:19:50 AM,5:20:26 PM,5:53:53 PM,10:00:36,12:20:08 PM,6:06 AM,6:33 PM,5:27 AM,7:13 PM
16/02/2022,6:44:30 AM,7:17:51 AM,5:22:19 PM,5:55:40 PM,10:04:28,12:20:05 PM,6:04 AM,6:35 PM,5:25 AM,7:14 PM
17/02/2022,6:42:35 AM,7:15:50 AM,5:24:12 PM,5:57:27 PM,10:08:22,12:20:01 PM,6:02 AM,6:37 PM,5:23 AM,7:16 PM
18/02/2022,6:40:38 AM,7:13:48 AM,5:26:04 PM,5:59:14 PM,10:12:16,12:19:56 PM,6:00 AM,6:38 PM,5:21 AM,7:18 PM
19/02/2022,6:38:40 AM,7:11:44 AM,5:27:57 PM,6:01:01 PM,10:16:13,12:19:50 PM,5:59 AM,6:40 PM,5:19 AM,7:20 PM
20/02/2022,6:36:40 AM,7:09:40 AM,5:29:49 PM,6:02:49 PM,10:20:09,12:19:44 PM,5:57 AM,6:42 PM,5:17 AM,7:21 PM
21/02/2022,6:34:39 AM,7:07:34 AM,5:31:41 PM,6:04:36 PM,10:24:07,12:19:38 PM,5:55 AM,6:44 PM,5:15 AM,7:23 PM
22/02/2022,6:32:37 AM,7:05:28 AM,5:33:32 PM,6:06:23 PM,10:28:04,12:19:30 PM,5:53 AM,6:45 PM,5:13 AM,7:25 PM
23/02/2022,6:30:34 AM,7:03:20 AM,5:35:24 PM,6:08:10 PM,10:32:04,12:19:22 PM,5:51 AM,6:47 PM,5:11 AM,7:27 PM
24/02/2022,6:28:29 AM,7:01:12 AM,5:37:15 PM,6:09:57 PM,10:36:03,12:19:13 PM,5:49 AM,6:49 PM,5:09 AM,7:28 PM
25/02/2022,6:26:24 AM,6:59:02 AM,5:39:06 PM,6:11:44 PM,10:40:04,12:19:04 PM,5:46 AM,6:51 PM,5:07 AM,7:30 PM
26/02/2022,6:24:17 AM,6:56:52 AM,5:40:57 PM,6:13:31 PM,10:44:05,12:18:54 PM,5:44 AM,6:52 PM,5:05 AM,7:32 PM
27/02/2022,6:22:09 AM,6:54:41 AM,5:42:47 PM,6:15:18 PM,10:48:06,12:18:44 PM,5:42 AM,6:54 PM,5:03 AM,7:34 PM
28/02/2022,6:20:00 AM,6:52:29 AM,5:44:37 PM,6:17:05 PM,10:52:08,12:18:33 PM,5:40 AM,6:56 PM,5:00 AM,7:36 PM
01/03/2022,6:17:51 AM,6:50:16 AM,5:46:27 PM,6:18:52 PM,10:56:11,12:18:21 PM,5:38 AM,6:58 PM,4:58 AM,7:37 PM
02/03/2022,6:15:40 AM,6:48:02 AM,5:48:17 PM,6:20:39 PM,11:00:15,12:18:09 PM,5:36 AM,7:00 PM,4:56 AM,7:39 PM
03/03/2022,6:13:28 AM,6:45:48 AM,5:50:06 PM,6:22:26 PM,11:04:18,12:17:57 PM,5:34 AM,7:01 PM,4:54 AM,7:41 PM
04/03/2022,6:11:16 AM,6:43:33 AM,5:51:55 PM,6:24:13 PM,11:08:22,12:17:44 PM,5:31 AM,7:03 PM,4:51 AM,7:43 PM
05/03/2022,6:09:02 AM,6:41:18 AM,5:53:44 PM,6:25:59 PM,11:12:26,12:17:31 PM,5:29 AM,7:05 PM,4:49 AM,7:45 PM
06/03/2022,6:06:48 AM,6:39:02 AM,5:55:32 PM,6:27:46 PM,11:16:30,12:17:17 PM,5:27 AM,7:07 PM,4:47 AM,7:47 PM
07/03/2022,6:04:33 AM,6:36:45 AM,5:57:20 PM,6:29:33 PM,11:20:35,12:17:03 PM,5:25 AM,7:08 PM,4:44 AM,7:49 PM
08/03/2022,6:02:17 AM,6:34:28 AM,5:59:08 PM,6:31:19 PM,11:24:40,12:16:48 PM,5:22 AM,7:10 PM,4:42 AM,7:51 PM
09/03/2022,6:00:01 AM,6:32:10 AM,6:00:56 PM,6:33:06 PM,11:28:46,12:16:33 PM,5:20 AM,7:12 PM,4:40 AM,7:52 PM
10/03/2022,5:57:43 AM,6:29:52 AM,6:02:44 PM,6:34:53 PM,11:32:52,12:16:18 PM,5:18 AM,7:14 PM,4:37 AM,7:54 PM
11/03/2022,5:55:25 AM,6:27:34 AM,6:04:31 PM,6:36:39 PM,11:36:57,12:16:02 PM,5:15 AM,7:16 PM,4:35 AM,7:56 PM
12/03/2022,5:53:07 AM,6:25:15 AM,6:06:18 PM,6:38:26 PM,11:41:03,12:15:47 PM,5:13 AM,7:18 PM,4:32 AM,7:58 PM
13/03/2022,5:50:48 AM,6:22:56 AM,6:08:05 PM,6:40:13 PM,11:45:09,12:15:30 PM,5:11 AM,7:19 PM,4:30 AM,8:00 PM
14/03/2022,5:48:28 AM,6:20:36 AM,6:09:51 PM,6:42:00 PM,11:49:15,12:15:14 PM,5:08 AM,7:21 PM,4:27 AM,8:02 PM
15/03/2022,5:46:08 AM,6:18:16 AM,6:11:38 PM,6:43:46 PM,11:53:22,12:14:57 PM,5:06 AM,7:23 PM,4:25 AM,8:04 PM
16/03/2022,5:43:47 AM,6:15:56 AM,6:13:24 PM,6:45:33 PM,11:57:28,12:14:40 PM,5:03 AM,7:25 PM,4:22 AM,8:06 PM
17/03/2022,5:41:26 AM,6:13:36 AM,6:15:10 PM,6:47:20 PM,12:01:34,12:14:23 PM,5:01 AM,7:27 PM,4:20 AM,8:08 PM
18/03/2022,5:39:04 AM,6:11:15 AM,6:16:56 PM,6:49:07 PM,12:05:41,12:14:06 PM,4:59 AM,7:29 PM,4:17 AM,8:10 PM
19/03/2022,5:36:42 AM,6:08:54 AM,6:18:42 PM,6:50:54 PM,12:09:48,12:13:48 PM,4:56 AM,7:31 PM,4:14 AM,8:12 PM
20/03/2022,5:34:19 AM,6:06:34 AM,6:20:27 PM,6:52:42 PM,12:13:53,12:13:30 PM,4:54 AM,7:32 PM,4:12 AM,8:14 PM
21/03/2022,5:31:56 AM,6:04:13 AM,6:22:13 PM,6:54:29 PM,12:18:00,12:13:13 PM,4:51 AM,7:34 PM,4:09 AM,8:17 PM
22/03/2022,5:29:33 AM,6:01:51 AM,6:23:58 PM,6:56:16 PM,12:22:07,12:12:55 PM,4:49 AM,7:36 PM,4:06 AM,8:19 PM
23/03/2022,5:27:09 AM,5:59:30 AM,6:25:43 PM,6:58:04 PM,12:26:13,12:12:37 PM,4:46 AM,7:38 PM,4:03 AM,8:21 PM
24/03/2022,5:24:46 AM,5:57:09 AM,6:27:28 PM,6:59:52 PM,12:30:19,12:12:19 PM,4:44 AM,7:40 PM,4:01 AM,8:23 PM
25/03/2022,5:22:21 AM,5:54:48 AM,6:29:13 PM,7:01:40 PM,12:34:25,12:12:01 PM,4:41 AM,7:42 PM,3:58 AM,8:25 PM
26/03/2022,5:19:57 AM,5:52:27 AM,6:30:58 PM,7:03:28 PM,12:38:31,12:11:42 PM,4:39 AM,7:44 PM,3:55 AM,8:27 PM
27/03/2022,6:17:33 AM,6:50:06 AM,7:32:43 PM,8:05:16 PM,12:42:37,1:11:24 PM,5:36 AM,8:46 PM,4:52 AM,9:29 PM
28/03/2022,6:15:08 AM,6:47:45 AM,7:34:28 PM,8:07:05 PM,12:46:43,1:11:06 PM,5:33 AM,8:48 PM,4:50 AM,9:32 PM
29/03/2022,6:12:43 AM,6:45:24 AM,7:36:12 PM,8:08:53 PM,12:50:48,1:10:48 PM,5:31 AM,8:50 PM,4:47 AM,9:34 PM
30/03/2022,6:10:18 AM,6:43:03 AM,7:37:57 PM,8:10:42 PM,12:54:54,1:10:30 PM,5:28 AM,8:52 PM,4:44 AM,9:36 PM
31/03/2022,6:07:53 AM,6:40:43 AM,7:39:42 PM,8:12:31 PM,12:58:59,1:10:12 PM,5:26 AM,8:54 PM,4:41 AM,9:39 PM
01/04/2022,6:05:28 AM,6:38:23 AM,7:41:26 PM,8:14:21 PM,13:03:03,1:09:54 PM,5:23 AM,8:56 PM,4:38 AM,9:41 PM
02/04/2022,6:03:03 AM,6:36:03 AM,7:43:11 PM,8:16:10 PM,13:07:08,1:09:37 PM,5:20 AM,8:58 PM,4:35 AM,9:43 PM
03/04/2022,6:00:38 AM,6:33:43 AM,7:44:55 PM,8:18:00 PM,13:11:12,1:09:19 PM,5:18 AM,9:00 PM,4:32 AM,9:46 PM
04/04/2022,5:58:13 AM,6:31:23 AM,7:46:40 PM,8:19:50 PM,13:15:17,1:09:02 PM,5:15 AM,9:02 PM,4:29 AM,9:48 PM
05/04/2022,5:55:48 AM,6:29:04 AM,7:48:24 PM,8:21:41 PM,13:19:20,1:08:44 PM,5:13 AM,9:04 PM,4:26 AM,9:50 PM
06/04/2022,5:53:23 AM,6:26:46 AM,7:50:09 PM,8:23:31 PM,13:23:23,1:08:27 PM,5:10 AM,9:06 PM,4:23 AM,9:53 PM
07/04/2022,5:50:58 AM,6:24:27 AM,7:51:53 PM,8:25:22 PM,13:27:26,1:08:10 PM,5:07 AM,9:08 PM,4:20 AM,9:55 PM
08/04/2022,5:48:34 AM,6:22:10 AM,7:53:38 PM,8:27:14 PM,13:31:28,1:07:54 PM,5:05 AM,9:10 PM,4:17 AM,9:58 PM
09/04/2022,5:46:10 AM,6:19:52 AM,7:55:22 PM,8:29:05 PM,13:35:30,1:07:37 PM,5:02 AM,9:12 PM,4:14 AM,10:00 PM
10/04/2022,5:43:45 AM,6:17:35 AM,7:57:07 PM,8:30:57 PM,13:39:32,1:07:21 PM,4:59 AM,9:14 PM,4:11 AM,10:03 PM
11/04/2022,5:41:22 AM,6:15:19 AM,7:58:52 PM,8:32:49 PM,13:43:33,1:07:05 PM,4:57 AM,9:16 PM,4:08 AM,10:06 PM
12/04/2022,5:38:58 AM,6:13:03 AM,8:00:36 PM,8:34:41 PM,13:47:33,1:06:50 PM,4:54 AM,9:19 PM,4:04 AM,10:08 PM
13/04/2022,5:36:35 AM,6:10:48 AM,8:02:21 PM,8:36:34 PM,13:51:33,1:06:34 PM,4:51 AM,9:21 PM,4:01 AM,10:11 PM
14/04/2022,5:34:12 AM,6:08:34 AM,8:04:05 PM,8:38:27 PM,13:55:31,1:06:19 PM,4:49 AM,9:23 PM,3:58 AM,10:14 PM
15/04/2022,5:31:50 AM,6:06:20 AM,8:05:50 PM,8:40:20 PM,13:59:30,1:06:05 PM,4:46 AM,9:25 PM,3:55 AM,10:17 PM
16/04/2022,5:29:28 AM,6:04:07 AM,8:07:35 PM,8:42:14 PM,14:03:28,1:05:51 PM,4:43 AM,9:27 PM,3:51 AM,10:19 PM
17/04/2022,5:27:06 AM,6:01:54 AM,8:09:19 PM,8:44:07 PM,14:07:25,1:05:37 PM,4:41 AM,9:29 PM,3:48 AM,10:22 PM
18/04/2022,5:24:45 AM,5:59:43 AM,8:11:04 PM,8:46:01 PM,14:11:21,1:05:23 PM,4:38 AM,9:32 PM,3:45 AM,10:25 PM
19/04/2022,5:22:24 AM,5:57:32 AM,8:12:48 PM,8:47:56 PM,14:15:16,1:05:10 PM,4:35 AM,9:34 PM,3:41 AM,10:28 PM
20/04/2022,5:20:05 AM,5:55:22 AM,8:14:33 PM,8:49:50 PM,14:19:11,1:04:57 PM,4:33 AM,9:36 PM,3:38 AM,10:31 PM
21/04/2022,5:17:45 AM,5:53:13 AM,8:16:17 PM,8:51:45 PM,14:23:04,1:04:45 PM,4:30 AM,9:38 PM,3:35 AM,10:34 PM
22/04/2022,5:15:27 AM,5:51:05 AM,8:18:02 PM,8:53:40 PM,14:26:57,1:04:33 PM,4:27 AM,9:41 PM,3:31 AM,10:37 PM
23/04/2022,5:13:09 AM,5:48:58 AM,8:19:46 PM,8:55:35 PM,14:30:48,1:04:22 PM,4:25 AM,9:43 PM,3:28 AM,10:40 PM
24/04/2022,5:10:52 AM,5:46:52 AM,8:21:30 PM,8:57:31 PM,14:34:38,1:04:11 PM,4:22 AM,9:45 PM,3:24 AM,10:43 PM
25/04/2022,5:08:35 AM,5:44:47 AM,8:23:14 PM,8:59:26 PM,14:38:27,1:04:01 PM,4:19 AM,9:48 PM,3:20 AM,10:47 PM
26/04/2022,5:06:20 AM,5:42:43 AM,8:24:58 PM,9:01:22 PM,14:42:15,1:03:51 PM,4:17 AM,9:50 PM,3:17 AM,10:50 PM
27/04/2022,5:04:05 AM,5:40:41 AM,8:26:42 PM,9:03:17 PM,14:46:01,1:03:41 PM,4:14 AM,9:52 PM,3:13 AM,10:53 PM
28/04/2022,5:01:51 AM,5:38:39 AM,8:28:26 PM,9:05:13 PM,14:49:47,1:03:32 PM,4:11 AM,9:55 PM,3:09 AM,10:57 PM
29/04/2022,4:59:39 AM,5:36:39 AM,8:30:09 PM,9:07:09 PM,14:53:30,1:03:24 PM,4:09 AM,9:57 PM,3:05 AM,11:00 PM
30/04/2022,4:57:27 AM,5:34:40 AM,8:31:52 PM,9:09:05 PM,14:57:12,1:03:16 PM,4:06 AM,10:00 PM,3:02 AM,11:04 PM
01/05/2022,4:55:16 AM,5:32:42 AM,8:33:35 PM,9:11:01 PM,15:00:53,1:03:09 PM,4:03 AM,10:02 PM,2:58 AM,11:08 PM
02/05/2022,4:53:07 AM,5:30:46 AM,8:35:18 PM,9:12:57 PM,15:04:32,1:03:02 PM,4:01 AM,10:04 PM,2:54 AM,11:11 PM
03/05/2022,4:50:59 AM,5:28:51 AM,8:37:00 PM,9:14:53 PM,15:08:09,1:02:56 PM,3:58 AM,10:07 PM,2:50 AM,11:15 PM
04/05/2022,4:48:51 AM,5:26:57 AM,8:38:42 PM,9:16:48 PM,15:11:45,1:02:50 PM,3:55 AM,10:09 PM,2:45 AM,11:19 PM
05/05/2022,4:46:46 AM,5:25:06 AM,8:40:24 PM,9:18:44 PM,15:15:18,1:02:45 PM,3:53 AM,10:12 PM,2:41 AM,11:23 PM
06/05/2022,4:44:41 AM,5:23:15 AM,8:42:05 PM,9:20:39 PM,15:18:50,1:02:40 PM,3:50 AM,10:14 PM,2:37 AM,11:28 PM
07/05/2022,4:42:38 AM,5:21:26 AM,8:43:45 PM,9:22:34 PM,15:22:19,1:02:36 PM,3:48 AM,10:17 PM,2:32 AM,11:32 PM
08/05/2022,4:40:37 AM,5:19:39 AM,8:45:26 PM,9:24:28 PM,15:25:47,1:02:32 PM,3:45 AM,10:19 PM,2:28 AM,11:37 PM
09/05/2022,4:38:36 AM,5:17:54 AM,8:47:05 PM,9:26:23 PM,15:29:11,1:02:30 PM,3:42 AM,10:22 PM,2:23 AM,11:41 PM
10/05/2022,4:36:38 AM,5:16:10 AM,8:48:44 PM,9:28:16 PM,15:32:34,1:02:27 PM,3:40 AM,10:24 PM,2:18 AM,11:46 PM
11/05/2022,4:34:41 AM,5:14:29 AM,8:50:22 PM,9:30:10 PM,15:35:53,1:02:25 PM,3:37 AM,10:27 PM,2:12 AM,11:52 PM
12/05/2022,4:32:46 AM,5:12:49 AM,8:52:00 PM,9:32:02 PM,15:39:11,1:02:24 PM,3:35 AM,10:29 PM,2:07 AM,11:57 PM
13/05/2022,4:30:53 AM,5:11:11 AM,8:53:37 PM,9:33:55 PM,15:42:26,1:02:24 PM,3:32 AM,10:32 PM,2:01 AM,12:03 AM
14/05/2022,4:29:01 AM,5:09:35 AM,8:55:13 PM,9:35:46 PM,15:45:38,1:02:24 PM,3:30 AM,10:34 PM,1:54 AM,12:10 AM
15/05/2022,4:27:12 AM,5:08:01 AM,8:56:48 PM,9:37:36 PM,15:48:47,1:02:24 PM,3:27 AM,10:37 PM,1:47 AM,12:17 AM
16/05/2022,4:25:24 AM,5:06:29 AM,8:58:22 PM,9:39:26 PM,15:51:53,1:02:25 PM,3:25 AM,10:39 PM,1:38 AM,12:26 AM
17/05/2022,4:23:39 AM,5:04:59 AM,8:59:55 PM,9:41:15 PM,15:54:56,1:02:27 PM,3:22 AM,10:42 PM,1:27 AM,12:37 AM
18/05/2022,4:21:55 AM,5:03:31 AM,9:01:27 PM,9:43:03 PM,15:57:56,1:02:29 PM,3:20 AM,10:44 PM,1:00 AM,1:00 AM
19/05/2022,4:20:14 AM,5:02:06 AM,9:02:58 PM,9:44:49 PM,16:00:52,1:02:32 PM,3:17 AM,10:47 PM,1:00 AM,1:00 AM
20/05/2022,4:18:35 AM,5:00:43 AM,9:04:27 PM,9:46:35 PM,16:03:44,1:02:35 PM,3:15 AM,10:49 PM,1:00 AM,1:00 AM
21/05/2022,4:16:59 AM,4:59:22 AM,9:05:56 PM,9:48:19 PM,16:06:34,1:02:39 PM,3:13 AM,10:52 PM,1:00 AM,1:00 AM
22/05/2022,4:15:25 AM,4:58:04 AM,9:07:23 PM,9:50:01 PM,16:09:19,1:02:43 PM,3:10 AM,10:54 PM,1:00 AM,1:00 AM
23/05/2022,4:13:53 AM,4:56:48 AM,9:08:48 PM,9:51:43 PM,16:12:00,1:02:48 PM,3:08 AM,10:57 PM,1:00 AM,1:00 AM
24/05/2022,4:12:25 AM,4:55:34 AM,9:10:13 PM,9:53:22 PM,16:14:39,1:02:53 PM,3:06 AM,10:59 PM,1:00 AM,1:00 AM
25/05/2022,4:10:58 AM,4:54:24 AM,9:11:35 PM,9:55:00 PM,16:17:11,1:02:59 PM,3:04 AM,11:01 PM,1:00 AM,1:00 AM
26/05/2022,4:09:35 AM,4:53:15 AM,9:12:56 PM,9:56:37 PM,16:19:41,1:03:06 PM,3:01 AM,11:04 PM,1:00 AM,1:00 AM
27/05/2022,4:08:14 AM,4:52:10 AM,9:14:15 PM,9:58:11 PM,16:22:05,1:03:13 PM,2:59 AM,11:06 PM,1:00 AM,1:00 AM
28/05/2022,4:06:57 AM,4:51:07 AM,9:15:33 PM,9:59:43 PM,16:24:26,1:03:20 PM,2:57 AM,11:08 PM,1:00 AM,1:00 AM
29/05/2022,4:05:42 AM,4:50:07 AM,9:16:48 PM,10:01:13 PM,16:26:41,1:03:28 PM,2:55 AM,11:11 PM,1:00 AM,1:00 AM
30/05/2022,4:04:31 AM,4:49:10 AM,9:18:02 PM,10:02:41 PM,16:28:52,1:03:36 PM,2:53 AM,11:13 PM,1:00 AM,1:00 AM
31/05/2022,4:03:22 AM,4:48:16 AM,9:19:14 PM,10:04:07 PM,16:30:58,1:03:45 PM,2:51 AM,11:15 PM,1:00 AM,1:00 AM
01/06/2022,4:02:17 AM,4:47:24 AM,9:20:23 PM,10:05:30 PM,16:32:59,1:03:54 PM,2:49 AM,11:17 PM,1:00 AM,1:00 AM
02/06/2022,4:01:15 AM,4:46:36 AM,9:21:31 PM,10:06:51 PM,16:34:55,1:04:03 PM,2:48 AM,11:20 PM,1:00 AM,1:00 AM
03/06/2022,4:00:17 AM,4:45:50 AM,9:22:36 PM,10:08:09 PM,16:36:46,1:04:13 PM,2:46 AM,11:22 PM,1:00 AM,1:00 AM
04/06/2022,3:59:22 AM,4:45:07 AM,9:23:39 PM,10:09:24 PM,16:38:32,1:04:23 PM,2:44 AM,11:24 PM,1:00 AM,1:00 AM
05/06/2022,3:58:31 AM,4:44:28 AM,9:24:39 PM,10:10:36 PM,16:40:11,1:04:34 PM,2:43 AM,11:26 PM,1:00 AM,1:00 AM
06/06/2022,3:57:43 AM,4:43:52 AM,9:25:37 PM,10:11:46 PM,16:41:45,1:04:44 PM,2:41 AM,11:27 PM,1:00 AM,1:00 AM
07/06/2022,3:56:59 AM,4:43:18 AM,9:26:33 PM,10:12:52 PM,16:43:15,1:04:56 PM,2:40 AM,11:29 PM,1:00 AM,1:00 AM
08/06/2022,3:56:19 AM,4:42:48 AM,9:27:26 PM,10:13:55 PM,16:44:38,1:05:07 PM,2:38 AM,11:31 PM,1:00 AM,1:00 AM
09/06/2022,3:55:42 AM,4:42:21 AM,9:28:16 PM,10:14:55 PM,16:45:55,1:05:19 PM,2:37 AM,11:33 PM,1:00 AM,1:00 AM
10/06/2022,3:55:10 AM,4:41:58 AM,9:29:04 PM,10:15:52 PM,16:47:06,1:05:31 PM,2:36 AM,11:34 PM,1:00 AM,1:00 AM
11/06/2022,3:54:41 AM,4:41:37 AM,9:29:48 PM,10:16:45 PM,16:48:11,1:05:43 PM,2:35 AM,11:36 PM,1:00 AM,1:00 AM
12/06/2022,3:54:16 AM,4:41:20 AM,9:30:30 PM,10:17:34 PM,16:49:10,1:05:55 PM,2:34 AM,11:37 PM,1:00 AM,1:00 AM
13/06/2022,3:53:55 AM,4:41:06 AM,9:31:09 PM,10:18:20 PM,16:50:03,1:06:08 PM,2:33 AM,11:38 PM,1:00 AM,1:00 AM
14/06/2022,3:53:38 AM,4:40:55 AM,9:31:45 PM,10:19:02 PM,16:50:50,1:06:20 PM,2:32 AM,11:39 PM,1:00 AM,1:00 AM
15/06/2022,3:53:26 AM,4:40:48 AM,9:32:19 PM,10:19:41 PM,16:51:31,1:06:33 PM,2:32 AM,11:40 PM,1:00 AM,1:00 AM
16/06/2022,3:53:17 AM,4:40:43 AM,9:32:49 PM,10:20:15 PM,16:52:06,1:06:46 PM,2:31 AM,11:41 PM,1:00 AM,1:00 AM
17/06/2022,3:53:12 AM,4:40:42 AM,9:33:16 PM,10:20:46 PM,16:52:34,1:06:59 PM,2:31 AM,11:42 PM,1:00 AM,1:00 AM
18/06/2022,3:53:12 AM,4:40:45 AM,9:33:39 PM,10:21:12 PM,16:52:54,1:07:12 PM,2:31 AM,11:43 PM,1:00 AM,1:00 AM
19/06/2022,3:53:15 AM,4:40:50 AM,9:34:00 PM,10:21:35 PM,16:53:10,1:07:25 PM,2:31 AM,11:43 PM,1:00 AM,1:00 AM
20/06/2022,3:53:22 AM,4:40:59 AM,9:34:18 PM,10:21:54 PM,16:53:19,1:07:38 PM,2:31 AM,11:44 PM,1:00 AM,1:00 AM
21/06/2022,3:53:34 AM,4:41:11 AM,9:34:32 PM,10:22:08 PM,16:53:21,1:07:51 PM,2:31 AM,11:44 PM,1:00 AM,1:00 AM
22/06/2022,3:53:50 AM,4:41:26 AM,9:34:43 PM,10:22:19 PM,16:53:17,1:08:04 PM,2:31 AM,11:44 PM,1:00 AM,1:00 AM
23/06/2022,3:54:09 AM,4:41:44 AM,9:34:51 PM,10:22:25 PM,16:53:07,1:08:17 PM,2:32 AM,11:44 PM,1:00 AM,1:00 AM
24/06/2022,3:54:33 AM,4:42:05 AM,9:34:55 PM,10:22:28 PM,16:52:50,1:08:30 PM,2:32 AM,11:44 PM,1:00 AM,1:00 AM
25/06/2022,3:55:00 AM,4:42:30 AM,9:34:56 PM,10:22:26 PM,16:52:26,1:08:43 PM,2:33 AM,11:44 PM,1:00 AM,1:00 AM
26/06/2022,3:55:31 AM,4:42:57 AM,9:34:54 PM,10:22:20 PM,16:51:57,1:08:56 PM,2:34 AM,11:43 PM,1:00 AM,1:00 AM
27/06/2022,3:56:07 AM,4:43:27 AM,9:34:49 PM,10:22:10 PM,16:51:22,1:09:08 PM,2:34 AM,11:43 PM,1:00 AM,1:00 AM
28/06/2022,3:56:45 AM,4:44:01 AM,9:34:40 PM,10:21:55 PM,16:50:39,1:09:20 PM,2:36 AM,11:42 PM,1:00 AM,1:00 AM
29/06/2022,3:57:28 AM,4:44:37 AM,9:34:28 PM,10:21:37 PM,16:49:51,1:09:33 PM,2:37 AM,11:41 PM,1:00 AM,1:00 AM
30/06/2022,3:58:14 AM,4:45:16 AM,9:34:13 PM,10:21:15 PM,16:48:57,1:09:44 PM,2:38 AM,11:41 PM,1:00 AM,1:00 AM
01/07/2022,3:59:04 AM,4:45:58 AM,9:33:54 PM,10:20:49 PM,16:47:56,1:09:56 PM,2:39 AM,11:40 PM,1:00 AM,1:00 AM
02/07/2022,3:59:57 AM,4:46:43 AM,9:33:32 PM,10:20:18 PM,16:46:49,1:10:08 PM,2:41 AM,11:38 PM,1:00 AM,1:00 AM
03/07/2022,4:00:53 AM,4:47:30 AM,9:33:07 PM,10:19:44 PM,16:45:37,1:10:19 PM,2:42 AM,11:37 PM,1:00 AM,1:00 AM
04/07/2022,4:01:53 AM,4:48:20 AM,9:32:39 PM,10:19:06 PM,16:44:19,1:10:29 PM,2:44 AM,11:36 PM,1:00 AM,1:00 AM
05/07/2022,4:02:56 AM,4:49:13 AM,9:32:07 PM,10:18:24 PM,16:42:54,1:10:40 PM,2:46 AM,11:35 PM,1:00 AM,1:00 AM
06/07/2022,4:04:02 AM,4:50:08 AM,9:31:32 PM,10:17:39 PM,16:41:24,1:10:50 PM,2:48 AM,11:33 PM,1:00 AM,1:00 AM
07/07/2022,4:05:10 AM,4:51:05 AM,9:30:55 PM,10:16:49 PM,16:39:50,1:11:00 PM,2:49 AM,11:32 PM,1:00 AM,1:00 AM
08/07/2022,4:06:22 AM,4:52:05 AM,9:30:14 PM,10:15:57 PM,16:38:09,1:11:09 PM,2:51 AM,11:30 PM,1:00 AM,1:00 AM
09/07/2022,4:07:36 AM,4:53:07 AM,9:29:30 PM,10:15:00 PM,16:36:23,1:11:18 PM,2:53 AM,11:28 PM,1:00 AM,1:00 AM
10/07/2022,4:08:54 AM,4:54:11 AM,9:28:42 PM,10:14:00 PM,16:34:31,1:11:27 PM,2:55 AM,11:27 PM,1:00 AM,1:00 AM
11/07/2022,4:10:13 AM,4:55:18 AM,9:27:52 PM,10:12:57 PM,16:32:34,1:11:35 PM,2:57 AM,11:25 PM,1:00 AM,1:00 AM
12/07/2022,4:11:35 AM,4:56:26 AM,9:26:59 PM,10:11:50 PM,16:30:33,1:11:43 PM,3:00 AM,11:23 PM,1:00 AM,1:00 AM
13/07/2022,4:12:59 AM,4:57:36 AM,9:26:03 PM,10:10:40 PM,16:28:27,1:11:50 PM,3:02 AM,11:21 PM,1:00 AM,1:00 AM
14/07/2022,4:14:26 AM,4:58:49 AM,9:25:05 PM,10:09:27 PM,16:26:16,1:11:57 PM,3:04 AM,11:19 PM,1:00 AM,1:00 AM
15/07/2022,4:15:55 AM,5:00:03 AM,9:24:03 PM,10:08:11 PM,16:24:00,1:12:03 PM,3:06 AM,11:17 PM,1:00 AM,1:00 AM
16/07/2022,4:17:25 AM,5:01:19 AM,9:22:59 PM,10:06:52 PM,16:21:40,1:12:09 PM,3:09 AM,11:15 PM,1:00 AM,1:00 AM
17/07/2022,4:18:58 AM,5:02:36 AM,9:21:52 PM,10:05:30 PM,16:19:16,1:12:14 PM,3:11 AM,11:13 PM,1:00 AM,1:00 AM
18/07/2022,4:20:32 AM,5:03:55 AM,9:20:42 PM,10:04:05 PM,16:16:47,1:12:19 PM,3:13 AM,11:10 PM,1:00 AM,1:00 AM
19/07/2022,4:22:08 AM,5:05:16 AM,9:19:29 PM,10:02:37 PM,16:14:13,1:12:23 PM,3:16 AM,11:08 PM,1:00 AM,1:00 AM
20/07/2022,4:23:45 AM,5:06:38 AM,9:18:15 PM,10:01:07 PM,16:11:37,1:12:26 PM,3:18 AM,11:06 PM,1:00 AM,1:00 AM
21/07/2022,4:25:24 AM,5:08:01 AM,9:16:57 PM,9:59:34 PM,16:08:56,1:12:29 PM,3:20 AM,11:04 PM,1:00 AM,1:00 AM
22/07/2022,4:27:05 AM,5:09:26 AM,9:15:37 PM,9:57:59 PM,16:06:11,1:12:32 PM,3:23 AM,11:01 PM,1:00 AM,1:00 AM
23/07/2022,4:28:46 AM,5:10:52 AM,9:14:15 PM,9:56:21 PM,16:03:23,1:12:34 PM,3:25 AM,10:59 PM,1:00 AM,1:00 AM
24/07/2022,4:30:29 AM,5:12:19 AM,9:12:50 PM,9:54:41 PM,16:00:31,1:12:35 PM,3:28 AM,10:56 PM,1:00 AM,1:00 AM
25/07/2022,4:32:13 AM,5:13:48 AM,9:11:24 PM,9:52:58 PM,15:57:36,1:12:36 PM,3:30 AM,10:54 PM,1:16 AM,1:08 AM
26/07/2022,4:33:58 AM,5:15:17 AM,9:09:54 PM,9:51:14 PM,15:54:37,1:12:36 PM,3:33 AM,10:52 PM,1:38 AM,12:46 AM
27/07/2022,4:35:44 AM,5:16:47 AM,9:08:23 PM,9:49:27 PM,15:51:36,1:12:35 PM,3:35 AM,10:49 PM,1:49 AM,12:35 AM
28/07/2022,4:37:31 AM,5:18:19 AM,9:06:50 PM,9:47:38 PM,15:48:31,1:12:34 PM,3:38 AM,10:47 PM,1:57 AM,12:27 AM
29/07/2022,4:39:18 AM,5:19:51 AM,9:05:14 PM,9:45:47 PM,15:45:23,1:12:33 PM,3:40 AM,10:44 PM,2:05 AM,12:19 AM
30/07/2022,4:41:06 AM,5:21:24 AM,9:03:37 PM,9:43:54 PM,15:42:13,1:12:30 PM,3:42 AM,10:42 PM,2:11 AM,12:13 AM
31/07/2022,4:42:55 AM,5:22:57 AM,9:01:57 PM,9:42:00 PM,15:39:00,1:12:27 PM,3:45 AM,10:39 PM,2:17 AM,12:07 AM
01/08/2022,4:44:44 AM,5:24:32 AM,9:00:16 PM,9:40:03 PM,15:35:44,1:12:24 PM,3:47 AM,10:36 PM,2:22 AM,12:01 AM
02/08/2022,4:46:34 AM,5:26:07 AM,8:58:33 PM,9:38:05 PM,15:32:26,1:12:20 PM,3:50 AM,10:34 PM,2:28 AM,11:56 PM
03/08/2022,4:48:24 AM,5:27:42 AM,8:56:48 PM,9:36:06 PM,15:29:06,1:12:15 PM,3:52 AM,10:31 PM,2:33 AM,11:51 PM
04/08/2022,4:50:15 AM,5:29:18 AM,8:55:01 PM,9:34:04 PM,15:25:43,1:12:10 PM,3:55 AM,10:29 PM,2:37 AM,11:46 PM
05/08/2022,4:52:06 AM,5:30:55 AM,8:53:12 PM,9:32:01 PM,15:22:17,1:12:04 PM,3:57 AM,10:26 PM,2:42 AM,11:41 PM
06/08/2022,4:53:57 AM,5:32:32 AM,8:51:22 PM,9:29:57 PM,15:18:50,1:11:57 PM,3:59 AM,10:23 PM,2:46 AM,11:37 PM
07/08/2022,4:55:49 AM,5:34:09 AM,8:49:31 PM,9:27:52 PM,15:15:22,1:11:50 PM,4:02 AM,10:21 PM,2:50 AM,11:33 PM
08/08/2022,4:57:40 AM,5:35:47 AM,8:47:37 PM,9:25:45 PM,15:11:50,1:11:42 PM,4:04 AM,10:18 PM,2:54 AM,11:28 PM
09/08/2022,4:59:32 AM,5:37:25 AM,8:45:43 PM,9:23:36 PM,15:08:18,1:11:34 PM,4:07 AM,10:16 PM,2:58 AM,11:24 PM
10/08/2022,5:01:24 AM,5:39:04 AM,8:43:46 PM,9:21:27 PM,15:04:42,1:11:25 PM,4:09 AM,10:13 PM,3:02 AM,11:20 PM
11/08/2022,5:03:15 AM,5:40:43 AM,8:41:49 PM,9:19:16 PM,15:01:06,1:11:16 PM,4:11 AM,10:10 PM,3:06 AM,11:16 PM
12/08/2022,5:05:07 AM,5:42:22 AM,8:39:50 PM,9:17:04 PM,14:57:28,1:11:06 PM,4:14 AM,10:08 PM,3:09 AM,11:12 PM
13/08/2022,5:06:59 AM,5:44:01 AM,8:37:50 PM,9:14:51 PM,14:53:49,1:10:55 PM,4:16 AM,10:05 PM,3:13 AM,11:08 PM
14/08/2022,5:08:50 AM,5:45:40 AM,8:35:48 PM,9:12:38 PM,14:50:08,1:10:44 PM,4:18 AM,10:02 PM,3:16 AM,11:04 PM
15/08/2022,5:10:42 AM,5:47:20 AM,8:33:45 PM,9:10:23 PM,14:46:25,1:10:32 PM,4:21 AM,10:00 PM,3:19 AM,11:01 PM
16/08/2022,5:12:33 AM,5:48:59 AM,8:31:41 PM,9:08:07 PM,14:42:42,1:10:20 PM,4:23 AM,9:57 PM,3:23 AM,10:57 PM
17/08/2022,5:14:25 AM,5:50:39 AM,8:29:36 PM,9:05:50 PM,14:38:57,1:10:07 PM,4:25 AM,9:54 PM,3:26 AM,10:53 PM
18/08/2022,5:16:16 AM,5:52:19 AM,8:27:30 PM,9:03:33 PM,14:35:11,1:09:54 PM,4:27 AM,9:51 PM,3:29 AM,10:50 PM
19/08/2022,5:18:07 AM,5:53:58 AM,8:25:23 PM,9:01:14 PM,14:31:25,1:09:41 PM,4:30 AM,9:49 PM,3:32 AM,10:46 PM
20/08/2022,5:19:57 AM,5:55:38 AM,8:23:14 PM,8:58:55 PM,14:27:36,1:09:26 PM,4:32 AM,9:46 PM,3:35 AM,10:43 PM
21/08/2022,5:21:48 AM,5:57:18 AM,8:21:05 PM,8:56:36 PM,14:23:47,1:09:12 PM,4:34 AM,9:43 PM,3:38 AM,10:39 PM
22/08/2022,5:23:38 AM,5:58:58 AM,8:18:55 PM,8:54:15 PM,14:19:57,1:08:56 PM,4:36 AM,9:41 PM,3:41 AM,10:36 PM
23/08/2022,5:25:28 AM,6:00:38 AM,8:16:44 PM,8:51:54 PM,14:16:06,1:08:41 PM,4:38 AM,9:38 PM,3:44 AM,10:32 PM
24/08/2022,5:27:17 AM,6:02:18 AM,8:14:32 PM,8:49:32 PM,14:12:14,1:08:25 PM,4:41 AM,9:35 PM,3:47 AM,10:29 PM
25/08/2022,5:29:07 AM,6:03:58 AM,8:12:19 PM,8:47:10 PM,14:08:21,1:08:08 PM,4:43 AM,9:33 PM,3:50 AM,10:25 PM
26/08/2022,5:30:56 AM,6:05:38 AM,8:10:05 PM,8:44:48 PM,14:04:27,1:07:52 PM,4:45 AM,9:30 PM,3:53 AM,10:22 PM
27/08/2022,5:32:44 AM,6:07:18 AM,8:07:51 PM,8:42:24 PM,14:00:33,1:07:34 PM,4:47 AM,9:27 PM,3:55 AM,10:19 PM
28/08/2022,5:34:33 AM,6:08:58 AM,8:05:36 PM,8:40:01 PM,13:56:38,1:07:17 PM,4:49 AM,9:25 PM,3:58 AM,10:16 PM
29/08/2022,5:36:21 AM,6:10:37 AM,8:03:20 PM,8:37:37 PM,13:52:43,1:06:59 PM,4:51 AM,9:22 PM,4:01 AM,10:12 PM
30/08/2022,5:38:09 AM,6:12:17 AM,8:01:04 PM,8:35:12 PM,13:48:47,1:06:41 PM,4:53 AM,9:19 PM,4:03 AM,10:09 PM
31/08/2022,5:39:56 AM,6:13:57 AM,7:58:47 PM,8:32:47 PM,13:44:50,1:06:22 PM,4:55 AM,9:16 PM,4:06 AM,10:06 PM
01/09/2022,5:41:44 AM,6:15:37 AM,7:56:29 PM,8:30:22 PM,13:40:52,1:06:03 PM,4:57 AM,9:14 PM,4:08 AM,10:03 PM
02/09/2022,5:43:30 AM,6:17:16 AM,7:54:11 PM,8:27:57 PM,13:36:55,1:05:44 PM,4:59 AM,9:11 PM,4:11 AM,10:00 PM
03/09/2022,5:45:17 AM,6:18:56 AM,7:51:52 PM,8:25:31 PM,13:32:56,1:05:24 PM,5:01 AM,9:08 PM,4:13 AM,9:56 PM
04/09/2022,5:47:03 AM,6:20:35 AM,7:49:33 PM,8:23:06 PM,13:28:58,1:05:04 PM,5:03 AM,9:06 PM,4:16 AM,9:53 PM
05/09/2022,5:48:49 AM,6:22:15 AM,7:47:14 PM,8:20:40 PM,13:24:59,1:04:44 PM,5:05 AM,9:03 PM,4:18 AM,9:50 PM
06/09/2022,5:50:35 AM,6:23:55 AM,7:44:54 PM,8:18:13 PM,13:20:59,1:04:24 PM,5:07 AM,9:01 PM,4:21 AM,9:47 PM
07/09/2022,5:52:20 AM,6:25:34 AM,7:42:33 PM,8:15:47 PM,13:16:59,1:04:04 PM,5:09 AM,8:58 PM,4:23 AM,9:44 PM
08/09/2022,5:54:05 AM,6:27:13 AM,7:40:13 PM,8:13:21 PM,13:13:00,1:03:43 PM,5:11 AM,8:55 PM,4:25 AM,9:41 PM
09/09/2022,5:55:50 AM,6:28:53 AM,7:37:52 PM,8:10:54 PM,13:08:59,1:03:22 PM,5:13 AM,8:53 PM,4:28 AM,9:38 PM
10/09/2022,5:57:35 AM,6:30:32 AM,7:35:30 PM,8:08:28 PM,13:04:58,1:03:01 PM,5:15 AM,8:50 PM,4:30 AM,9:35 PM
11/09/2022,5:59:19 AM,6:32:12 AM,7:33:09 PM,8:06:02 PM,13:00:57,1:02:40 PM,5:17 AM,8:47 PM,4:32 AM,9:32 PM
12/09/2022,6:01:03 AM,6:33:51 AM,7:30:47 PM,8:03:35 PM,12:56:56,1:02:19 PM,5:19 AM,8:45 PM,4:34 AM,9:29 PM
13/09/2022,6:02:47 AM,6:35:31 AM,7:28:25 PM,8:01:09 PM,12:52:54,1:01:58 PM,5:21 AM,8:42 PM,4:36 AM,9:26 PM
14/09/2022,6:04:30 AM,6:37:10 AM,7:26:03 PM,7:58:43 PM,12:48:53,1:01:36 PM,5:23 AM,8:40 PM,4:39 AM,9:24 PM
15/09/2022,6:06:14 AM,6:38:50 AM,7:23:40 PM,7:56:16 PM,12:44:50,1:01:15 PM,5:25 AM,8:37 PM,4:41 AM,9:21 PM
16/09/2022,6:07:57 AM,6:40:29 AM,7:21:18 PM,7:53:50 PM,12:40:49,1:00:54 PM,5:26 AM,8:34 PM,4:43 AM,9:18 PM
17/09/2022,6:09:40 AM,6:42:09 AM,7:18:55 PM,7:51:25 PM,12:36:46,1:00:32 PM,5:28 AM,8:32 PM,4:45 AM,9:15 PM
18/09/2022,6:11:23 AM,6:43:49 AM,7:16:33 PM,7:48:59 PM,12:32:44,1:00:11 PM,5:30 AM,8:29 PM,4:47 AM,9:12 PM
19/09/2022,6:13:05 AM,6:45:28 AM,7:14:10 PM,7:46:33 PM,12:28:42,12:59:49 PM,5:32 AM,8:27 PM,4:49 AM,9:09 PM
20/09/2022,6:14:48 AM,6:47:08 AM,7:11:48 PM,7:44:08 PM,12:24:40,12:59:28 PM,5:34 AM,8:24 PM,4:51 AM,9:07 PM
21/09/2022,6:16:30 AM,6:48:48 AM,7:09:25 PM,7:41:43 PM,12:20:37,12:59:07 PM,5:36 AM,8:22 PM,4:53 AM,9:04 PM
22/09/2022,6:18:12 AM,6:50:29 AM,7:07:02 PM,7:39:19 PM,12:16:33,12:58:45 PM,5:37 AM,8:19 PM,4:55 AM,9:01 PM
23/09/2022,6:19:54 AM,6:52:09 AM,7:04:40 PM,7:36:55 PM,12:12:31,12:58:24 PM,5:39 AM,8:17 PM,4:57 AM,8:59 PM
24/09/2022,6:21:36 AM,6:53:49 AM,7:02:18 PM,7:34:31 PM,12:08:29,12:58:03 PM,5:41 AM,8:14 PM,4:59 AM,8:56 PM
25/09/2022,6:23:18 AM,6:55:30 AM,6:59:55 PM,7:32:07 PM,12:04:25,12:57:43 PM,5:43 AM,8:12 PM,5:01 AM,8:53 PM
26/09/2022,6:25:00 AM,6:57:10 AM,6:57:34 PM,7:29:44 PM,12:00:24,12:57:22 PM,5:45 AM,8:09 PM,5:03 AM,8:51 PM
27/09/2022,6:26:41 AM,6:58:51 AM,6:55:12 PM,7:27:22 PM,11:56:21,12:57:01 PM,5:46 AM,8:07 PM,5:05 AM,8:48 PM
28/09/2022,6:28:23 AM,7:00:32 AM,6:52:50 PM,7:24:59 PM,11:52:18,12:56:41 PM,5:48 AM,8:04 PM,5:07 AM,8:45 PM
29/09/2022,6:30:05 AM,7:02:14 AM,6:50:29 PM,7:22:38 PM,11:48:15,12:56:21 PM,5:50 AM,8:02 PM,5:09 AM,8:43 PM
30/09/2022,6:31:46 AM,7:03:55 AM,6:48:08 PM,7:20:17 PM,11:44:13,12:56:01 PM,5:52 AM,7:59 PM,5:11 AM,8:40 PM
01/10/2022,6:33:28 AM,7:05:37 AM,6:45:47 PM,7:17:56 PM,11:40:10,12:55:42 PM,5:53 AM,7:57 PM,5:13 AM,8:38 PM
02/10/2022,6:35:09 AM,7:07:19 AM,6:43:27 PM,7:15:36 PM,11:36:08,12:55:23 PM,5:55 AM,7:55 PM,5:15 AM,8:35 PM
03/10/2022,6:36:51 AM,7:09:01 AM,6:41:07 PM,7:13:17 PM,11:32:06,12:55:04 PM,5:57 AM,7:52 PM,5:16 AM,8:33 PM
04/10/2022,6:38:32 AM,7:10:43 AM,6:38:48 PM,7:10:58 PM,11:28:05,12:54:45 PM,5:59 AM,7:50 PM,5:18 AM,8:30 PM
05/10/2022,6:40:14 AM,7:12:26 AM,6:36:29 PM,7:08:41 PM,11:24:03,12:54:27 PM,6:00 AM,7:48 PM,5:20 AM,8:28 PM
06/10/2022,6:41:55 AM,7:14:09 AM,6:34:10 PM,7:06:23 PM,11:20:01,12:54:09 PM,6:02 AM,7:45 PM,5:22 AM,8:25 PM
07/10/2022,6:43:37 AM,7:15:52 AM,6:31:52 PM,7:04:07 PM,11:16:00,12:53:52 PM,6:04 AM,7:43 PM,5:24 AM,8:23 PM
08/10/2022,6:45:19 AM,7:17:35 AM,6:29:35 PM,7:01:51 PM,11:12:00,12:53:35 PM,6:05 AM,7:41 PM,5:25 AM,8:21 PM
09/10/2022,6:47:00 AM,7:19:19 AM,6:27:18 PM,6:59:36 PM,11:07:59,12:53:18 PM,6:07 AM,7:38 PM,5:27 AM,8:18 PM
10/10/2022,6:48:42 AM,7:21:03 AM,6:25:01 PM,6:57:22 PM,11:03:58,12:53:02 PM,6:09 AM,7:36 PM,5:29 AM,8:16 PM
11/10/2022,6:50:24 AM,7:22:47 AM,6:22:46 PM,6:55:09 PM,10:59:59,12:52:47 PM,6:11 AM,7:34 PM,5:31 AM,8:14 PM
12/10/2022,6:52:06 AM,7:24:32 AM,6:20:31 PM,6:52:57 PM,10:55:59,12:52:31 PM,6:12 AM,7:32 PM,5:33 AM,8:12 PM
13/10/2022,6:53:48 AM,7:26:17 AM,6:18:17 PM,6:50:46 PM,10:52:00,12:52:17 PM,6:14 AM,7:30 PM,5:34 AM,8:09 PM
14/10/2022,6:55:30 AM,7:28:02 AM,6:16:03 PM,6:48:35 PM,10:48:01,12:52:03 PM,6:16 AM,7:27 PM,5:36 AM,8:07 PM
15/10/2022,6:57:12 AM,7:29:47 AM,6:13:51 PM,6:46:26 PM,10:44:04,12:51:49 PM,6:17 AM,7:25 PM,5:38 AM,8:05 PM
16/10/2022,6:58:54 AM,7:31:33 AM,6:11:39 PM,6:44:18 PM,10:40:06,12:51:36 PM,6:19 AM,7:23 PM,5:39 AM,8:03 PM
17/10/2022,7:00:37 AM,7:33:19 AM,6:09:28 PM,6:42:11 PM,10:36:09,12:51:24 PM,6:21 AM,7:21 PM,5:41 AM,8:01 PM
18/10/2022,7:02:19 AM,7:35:06 AM,6:07:18 PM,6:40:05 PM,10:32:12,12:51:12 PM,6:22 AM,7:19 PM,5:43 AM,7:59 PM
19/10/2022,7:04:01 AM,7:36:52 AM,6:05:09 PM,6:38:00 PM,10:28:17,12:51:01 PM,6:24 AM,7:17 PM,5:45 AM,7:56 PM
20/10/2022,7:05:44 AM,7:38:39 AM,6:03:01 PM,6:35:56 PM,10:24:22,12:50:50 PM,6:26 AM,7:15 PM,5:46 AM,7:54 PM
21/10/2022,7:07:26 AM,7:40:27 AM,6:00:53 PM,6:33:54 PM,10:20:26,12:50:40 PM,6:27 AM,7:13 PM,5:48 AM,7:52 PM
22/10/2022,7:09:09 AM,7:42:14 AM,5:58:47 PM,6:31:52 PM,10:16:33,12:50:31 PM,6:29 AM,7:11 PM,5:50 AM,7:50 PM
23/10/2022,7:10:52 AM,7:44:02 AM,5:56:42 PM,6:29:52 PM,10:12:40,12:50:22 PM,6:31 AM,7:09 PM,5:51 AM,7:48 PM
24/10/2022,7:12:34 AM,7:45:50 AM,5:54:39 PM,6:27:54 PM,10:08:49,12:50:14 PM,6:32 AM,7:07 PM,5:53 AM,7:47 PM
25/10/2022,7:14:17 AM,7:47:38 AM,5:52:36 PM,6:25:57 PM,10:04:58,12:50:07 PM,6:34 AM,7:05 PM,5:55 AM,7:45 PM
26/10/2022,7:16:00 AM,7:49:26 AM,5:50:35 PM,6:24:01 PM,10:01:09,12:50:00 PM,6:36 AM,7:03 PM,5:56 AM,7:43 PM
27/10/2022,7:17:43 AM,7:51:15 AM,5:48:35 PM,6:22:07 PM,09:57:20,12:49:55 PM,6:37 AM,7:02 PM,5:58 AM,7:41 PM
28/10/2022,7:19:26 AM,7:53:04 AM,5:46:36 PM,6:20:14 PM,09:53:32,12:49:50 PM,6:39 AM,7:00 PM,6:00 AM,7:39 PM
29/10/2022,7:21:08 AM,7:54:52 AM,5:44:39 PM,6:18:23 PM,09:49:47,12:49:45 PM,6:41 AM,6:58 PM,6:01 AM,7:37 PM
30/10/2022,6:22:51 AM,6:56:41 AM,4:42:43 PM,5:16:33 PM,09:46:02,11:49:42 AM,5:42 AM,5:56 PM,5:03 AM,6:36 PM
31/10/2022,6:24:34 AM,6:58:31 AM,4:40:48 PM,5:14:45 PM,09:42:17,11:49:39 AM,5:44 AM,5:54 PM,5:04 AM,6:34 PM
01/11/2022,6:26:16 AM,7:00:20 AM,4:38:55 PM,5:12:59 PM,09:38:35,11:49:37 AM,5:46 AM,5:53 PM,5:06 AM,6:32 PM
02/11/2022,6:27:59 AM,7:02:09 AM,4:37:04 PM,5:11:14 PM,09:34:55,11:49:36 AM,5:47 AM,5:51 PM,5:08 AM,6:31 PM
03/11/2022,6:29:41 AM,7:03:58 AM,4:35:14 PM,5:09:31 PM,09:31:16,11:49:36 AM,5:49 AM,5:49 PM,5:09 AM,6:29 PM
04/11/2022,6:31:23 AM,7:05:47 AM,4:33:26 PM,5:07:50 PM,09:27:39,11:49:37 AM,5:50 AM,5:48 PM,5:11 AM,6:27 PM
05/11/2022,6:33:05 AM,7:07:37 AM,4:31:39 PM,5:06:11 PM,09:24:02,11:49:38 AM,5:52 AM,5:46 PM,5:12 AM,6:26 PM
06/11/2022,6:34:46 AM,7:09:26 AM,4:29:55 PM,5:04:34 PM,09:20:29,11:49:40 AM,5:54 AM,5:45 PM,5:14 AM,6:24 PM
07/11/2022,6:36:28 AM,7:11:14 AM,4:28:12 PM,5:02:58 PM,09:16:58,11:49:43 AM,5:55 AM,5:43 PM,5:15 AM,6:23 PM
08/11/2022,6:38:09 AM,7:13:03 AM,4:26:31 PM,5:01:25 PM,09:13:28,11:49:47 AM,5:57 AM,5:42 PM,5:17 AM,6:22 PM
09/11/2022,6:39:50 AM,7:14:52 AM,4:24:52 PM,4:59:54 PM,09:10:00,11:49:52 AM,5:58 AM,5:40 PM,5:19 AM,6:20 PM
10/11/2022,6:41:30 AM,7:16:40 AM,4:23:15 PM,4:58:24 PM,09:06:35,11:49:57 AM,6:00 AM,5:39 PM,5:20 AM,6:19 PM
11/11/2022,6:43:10 AM,7:18:27 AM,4:21:40 PM,4:56:57 PM,09:03:13,11:50:04 AM,6:01 AM,5:38 PM,5:22 AM,6:18 PM
12/11/2022,6:44:49 AM,7:20:15 AM,4:20:07 PM,4:55:32 PM,08:59:52,11:50:11 AM,6:03 AM,5:36 PM,5:23 AM,6:16 PM
13/11/2022,6:46:28 AM,7:22:02 AM,4:18:36 PM,4:54:10 PM,08:56:34,11:50:19 AM,6:05 AM,5:35 PM,5:25 AM,6:15 PM
14/11/2022,6:48:06 AM,7:23:48 AM,4:17:07 PM,4:52:49 PM,08:53:19,11:50:28 AM,6:06 AM,5:34 PM,5:26 AM,6:14 PM
15/11/2022,6:49:44 AM,7:25:34 AM,4:15:41 PM,4:51:31 PM,08:50:07,11:50:38 AM,6:08 AM,5:33 PM,5:28 AM,6:13 PM
16/11/2022,6:51:21 AM,7:27:19 AM,4:14:17 PM,4:50:15 PM,08:46:58,11:50:48 AM,6:09 AM,5:31 PM,5:29 AM,6:12 PM
17/11/2022,6:52:57 AM,7:29:04 AM,4:12:56 PM,4:49:02 PM,08:43:52,11:51:00 AM,6:11 AM,5:30 PM,5:30 AM,6:11 PM
18/11/2022,6:54:33 AM,7:30:48 AM,4:11:37 PM,4:47:51 PM,08:40:49,11:51:12 AM,6:12 AM,5:29 PM,5:32 AM,6:10 PM
19/11/2022,6:56:08 AM,7:32:30 AM,4:10:20 PM,4:46:43 PM,08:37:50,11:51:25 AM,6:14 AM,5:28 PM,5:33 AM,6:09 PM
20/11/2022,6:57:41 AM,7:34:12 AM,4:09:06 PM,4:45:37 PM,08:34:54,11:51:39 AM,6:15 AM,5:27 PM,5:35 AM,6:08 PM
21/11/2022,6:59:14 AM,7:35:53 AM,4:07:54 PM,4:44:34 PM,08:32:01,11:51:54 AM,6:17 AM,5:26 PM,5:36 AM,6:07 PM
22/11/2022,7:00:46 AM,7:37:33 AM,4:06:46 PM,4:43:33 PM,08:29:13,11:52:09 AM,6:18 AM,5:25 PM,5:37 AM,6:06 PM
23/11/2022,7:02:17 AM,7:39:12 AM,4:05:40 PM,4:42:35 PM,08:26:28,11:52:26 AM,6:19 AM,5:25 PM,5:39 AM,6:05 PM
24/11/2022,7:03:46 AM,7:40:49 AM,4:04:36 PM,4:41:40 PM,08:23:47,11:52:43 AM,6:21 AM,5:24 PM,5:40 AM,6:04 PM
25/11/2022,7:05:14 AM,7:42:26 AM,4:03:36 PM,4:40:47 PM,08:21:10,11:53:01 AM,6:22 AM,5:23 PM,5:41 AM,6:04 PM
26/11/2022,7:06:41 AM,7:44:00 AM,4:02:39 PM,4:39:58 PM,08:18:39,11:53:19 AM,6:23 AM,5:22 PM,5:43 AM,6:03 PM
27/11/2022,7:08:07 AM,7:45:34 AM,4:01:44 PM,4:39:11 PM,08:16:10,11:53:39 AM,6:25 AM,5:22 PM,5:44 AM,6:02 PM
28/11/2022,7:09:31 AM,7:47:05 AM,4:00:53 PM,4:38:27 PM,08:13:48,11:53:59 AM,6:26 AM,5:21 PM,5:45 AM,6:02 PM
29/11/2022,7:10:54 AM,7:48:35 AM,4:00:04 PM,4:37:46 PM,08:11:29,11:54:20 AM,6:27 AM,5:20 PM,5:46 AM,6:01 PM
30/11/2022,7:12:15 AM,7:50:04 AM,3:59:19 PM,4:37:08 PM,08:09:15,11:54:41 AM,6:29 AM,5:20 PM,5:48 AM,6:01 PM
01/12/2022,7:13:34 AM,7:51:30 AM,3:58:37 PM,4:36:32 PM,08:07:07,11:55:03 AM,6:30 AM,5:19 PM,5:49 AM,6:00 PM
02/12/2022,7:14:52 AM,7:52:55 AM,3:57:58 PM,4:36:00 PM,08:05:03,11:55:26 AM,6:31 AM,5:19 PM,5:50 AM,6:00 PM
03/12/2022,7:16:08 AM,7:54:17 AM,3:57:22 PM,4:35:31 PM,08:03:05,11:55:50 AM,6:32 AM,5:18 PM,5:51 AM,6:00 PM
04/12/2022,7:17:22 AM,7:55:38 AM,3:56:50 PM,4:35:05 PM,08:01:12,11:56:14 AM,6:33 AM,5:18 PM,5:52 AM,5:59 PM
05/12/2022,7:18:34 AM,7:56:56 AM,3:56:21 PM,4:34:42 PM,07:59:25,11:56:38 AM,6:35 AM,5:18 PM,5:53 AM,5:59 PM
06/12/2022,7:19:44 AM,7:58:12 AM,3:55:55 PM,4:34:22 PM,07:57:43,11:57:03 AM,6:36 AM,5:18 PM,5:54 AM,5:59 PM
07/12/2022,7:20:52 AM,7:59:25 AM,3:55:33 PM,4:34:05 PM,07:56:08,11:57:29 AM,6:37 AM,5:17 PM,5:55 AM,5:59 PM
08/12/2022,7:21:58 AM,8:00:36 AM,3:55:14 PM,4:33:52 PM,07:54:38,11:57:55 AM,6:38 AM,5:17 PM,5:56 AM,5:59 PM
09/12/2022,7:23:02 AM,8:01:45 AM,3:54:58 PM,4:33:41 PM,07:53:13,11:58:22 AM,6:39 AM,5:17 PM,5:57 AM,5:58 PM
10/12/2022,7:24:03 AM,8:02:51 AM,3:54:46 PM,4:33:34 PM,07:51:55,11:58:49 AM,6:40 AM,5:17 PM,5:58 AM,5:58 PM
11/12/2022,7:25:02 AM,8:03:54 AM,3:54:38 PM,4:33:30 PM,07:50:44,11:59:16 AM,6:41 AM,5:17 PM,5:59 AM,5:58 PM
12/12/2022,7:25:59 AM,8:04:55 AM,3:54:33 PM,4:33:29 PM,07:49:38,11:59:44 AM,6:41 AM,5:17 PM,6:00 AM,5:59 PM
13/12/2022,7:26:53 AM,8:05:53 AM,3:54:32 PM,4:33:31 PM,07:48:39,12:00:12 PM,6:42 AM,5:17 PM,6:01 AM,5:59 PM
14/12/2022,7:27:45 AM,8:06:47 AM,3:54:34 PM,4:33:36 PM,07:47:47,12:00:41 PM,6:43 AM,5:17 PM,6:02 AM,5:59 PM
15/12/2022,7:28:34 AM,8:07:39 AM,3:54:40 PM,4:33:45 PM,07:47:01,12:01:09 PM,6:44 AM,5:17 PM,6:02 AM,5:59 PM
16/12/2022,7:29:20 AM,8:08:28 AM,3:54:49 PM,4:33:57 PM,07:46:21,12:01:38 PM,6:45 AM,5:18 PM,6:03 AM,5:59 PM
17/12/2022,7:30:04 AM,8:09:14 AM,3:55:02 PM,4:34:11 PM,07:45:48,12:02:08 PM,6:45 AM,5:18 PM,6:04 AM,6:00 PM
18/12/2022,7:30:45 AM,8:09:56 AM,3:55:18 PM,4:34:29 PM,07:45:22,12:02:37 PM,6:46 AM,5:18 PM,6:04 AM,6:00 PM
19/12/2022,7:31:23 AM,8:10:36 AM,3:55:38 PM,4:34:50 PM,07:45:02,12:03:07 PM,6:47 AM,5:19 PM,6:05 AM,6:00 PM
20/12/2022,7:31:58 AM,8:11:12 AM,3:56:01 PM,4:35:14 PM,07:44:49,12:03:36 PM,6:47 AM,5:19 PM,6:06 AM,6:01 PM
21/12/2022,7:32:31 AM,8:11:45 AM,3:56:28 PM,4:35:41 PM,07:44:43,12:04:06 PM,6:48 AM,5:19 PM,6:06 AM,6:01 PM
22/12/2022,7:33:00 AM,8:12:14 AM,3:56:58 PM,4:36:12 PM,07:44:44,12:04:36 PM,6:48 AM,5:20 PM,6:07 AM,6:02 PM
23/12/2022,7:33:27 AM,8:12:40 AM,3:57:32 PM,4:36:45 PM,07:44:52,12:05:06 PM,6:49 AM,5:20 PM,6:07 AM,6:02 PM
24/12/2022,7:33:50 AM,8:13:03 AM,3:58:09 PM,4:37:21 PM,07:45:06,12:05:36 PM,6:49 AM,5:21 PM,6:07 AM,6:03 PM
25/12/2022,7:34:11 AM,8:13:22 AM,3:58:49 PM,4:38:00 PM,07:45:27,12:06:05 PM,6:49 AM,5:22 PM,6:08 AM,6:03 PM
26/12/2022,7:34:28 AM,8:13:38 AM,3:59:32 PM,4:38:42 PM,07:45:54,12:06:35 PM,6:50 AM,5:22 PM,6:08 AM,6:04 PM
27/12/2022,7:34:43 AM,8:13:50 AM,4:00:19 PM,4:39:26 PM,07:46:29,12:07:05 PM,6:50 AM,5:23 PM,6:08 AM,6:05 PM
28/12/2022,7:34:54 AM,8:13:59 AM,4:01:09 PM,4:40:14 PM,07:47:10,12:07:34 PM,6:50 AM,5:24 PM,6:09 AM,6:05 PM
29/12/2022,7:35:03 AM,8:14:04 AM,4:02:02 PM,4:41:04 PM,07:47:58,12:08:03 PM,6:50 AM,5:25 PM,6:09 AM,6:06 PM
30/12/2022,7:35:08 AM,8:14:06 AM,4:02:58 PM,4:41:57 PM,07:48:52,12:08:32 PM,6:51 AM,5:25 PM,6:09 AM,6:07 PM
31/12/2022,7:35:10 AM,8:14:04 AM,4:03:58 PM,4:42:52 PM,07:49:54,12:09:01 PM,6:51 AM,5:26 PM,6:09 AM,6:08 PM
01/01/2023,7:35:09 AM,8:13:59 AM,4:05:00 PM,4:43:50 PM,07:51:01,12:09:29 PM,6:51 AM,5:27 PM,6:09 AM,6:09 PM
02/01/2023,7:35:04 AM,8:13:51 AM,4:06:04 PM,4:44:51 PM,07:52:13,12:09:58 PM,6:51 AM,5:28 PM,6:09 AM,6:10 PM
03/01/2023,7:34:57 AM,8:13:39 AM,4:07:12 PM,4:45:54 PM,07:53:33,12:10:25 PM,6:51 AM,5:29 PM,6:09 AM,6:11 PM
04/01/2023,7:34:47 AM,8:13:23 AM,4:08:22 PM,4:46:59 PM,07:54:59,12:10:53 PM,6:51 AM,5:30 PM,6:09 AM,6:12 PM
05/01/2023,7:34:33 AM,8:13:04 AM,4:09:35 PM,4:48:07 PM,07:56:31,12:11:20 PM,6:50 AM,5:31 PM,6:09 AM,6:13 PM
06/01/2023,7:34:16 AM,8:12:42 AM,4:10:51 PM,4:49:16 PM,07:58:09,12:11:46 PM,6:50 AM,5:32 PM,6:09 AM,6:14 PM
07/01/2023,7:33:57 AM,8:12:16 AM,4:12:09 PM,4:50:28 PM,07:59:53,12:12:13 PM,6:50 AM,5:34 PM,6:09 AM,6:15 PM
08/01/2023,7:33:34 AM,8:11:47 AM,4:13:29 PM,4:51:42 PM,08:01:42,12:12:38 PM,6:50 AM,5:35 PM,6:08 AM,6:16 PM
09/01/2023,7:33:08 AM,8:11:15 AM,4:14:51 PM,4:52:58 PM,08:03:36,12:13:03 PM,6:49 AM,5:36 PM,6:08 AM,6:17 PM
10/01/2023,7:32:39 AM,8:10:39 AM,4:16:16 PM,4:54:16 PM,08:05:37,12:13:28 PM,6:49 AM,5:37 PM,6:08 AM,6:18 PM
11/01/2023,7:32:07 AM,8:10:01 AM,4:17:43 PM,4:55:36 PM,08:07:42,12:13:52 PM,6:48 AM,5:38 PM,6:07 AM,6:19 PM
12/01/2023,7:31:32 AM,8:09:19 AM,4:19:12 PM,4:56:58 PM,08:09:53,12:14:15 PM,6:48 AM,5:40 PM,6:07 AM,6:21 PM
13/01/2023,7:30:54 AM,8:08:33 AM,4:20:42 PM,4:58:21 PM,08:12:09,12:14:38 PM,6:47 AM,5:41 PM,6:06 AM,6:22 PM
14/01/2023,7:30:14 AM,8:07:45 AM,4:22:15 PM,4:59:47 PM,08:14:30,12:15:00 PM,6:47 AM,5:42 PM,6:06 AM,6:23 PM
15/01/2023,7:29:30 AM,8:06:54 AM,4:23:49 PM,5:01:13 PM,08:16:55,12:15:22 PM,6:46 AM,5:44 PM,6:05 AM,6:24 PM
16/01/2023,7:28:44 AM,8:06:00 AM,4:25:25 PM,5:02:41 PM,08:19:25,12:15:42 PM,6:46 AM,5:45 PM,6:05 AM,6:26 PM
17/01/2023,7:27:54 AM,8:05:03 AM,4:27:03 PM,5:04:11 PM,08:22:00,12:16:03 PM,6:45 AM,5:46 PM,6:04 AM,6:27 PM
18/01/2023,7:27:02 AM,8:04:03 AM,4:28:42 PM,5:05:42 PM,08:24:39,12:16:22 PM,6:44 AM,5:48 PM,6:03 AM,6:28 PM
19/01/2023,7:26:07 AM,8:03:00 AM,4:30:22 PM,5:07:14 PM,08:27:22,12:16:41 PM,6:43 AM,5:49 PM,6:03 AM,6:30 PM
20/01/2023,7:25:10 AM,8:01:54 AM,4:32:04 PM,5:08:48 PM,08:30:10,12:16:59 PM,6:42 AM,5:51 PM,6:02 AM,6:31 PM
21/01/2023,7:24:10 AM,8:00:46 AM,4:33:46 PM,5:10:22 PM,08:33:00,12:17:16 PM,6:41 AM,5:52 PM,6:01 AM,6:33 PM
22/01/2023,7:23:07 AM,7:59:35 AM,4:35:31 PM,5:11:58 PM,08:35:56,12:17:33 PM,6:41 AM,5:54 PM,6:00 AM,6:34 PM
23/01/2023,7:22:02 AM,7:58:21 AM,4:37:16 PM,5:13:35 PM,08:38:55,12:17:48 PM,6:40 AM,5:55 PM,5:59 AM,6:35 PM
24/01/2023,7:20:54 AM,7:57:05 AM,4:39:02 PM,5:15:13 PM,08:41:57,12:18:03 PM,6:39 AM,5:57 PM,5:58 AM,6:37 PM
25/01/2023,7:19:43 AM,7:55:46 AM,4:40:49 PM,5:16:51 PM,08:45:03,12:18:17 PM,6:37 AM,5:58 PM,5:57 AM,6:38 PM
26/01/2023,7:18:31 AM,7:54:25 AM,4:42:37 PM,5:18:31 PM,08:48:12,12:18:31 PM,6:36 AM,6:00 PM,5:56 AM,6:40 PM
27/01/2023,7:17:15 AM,7:53:01 AM,4:44:25 PM,5:20:11 PM,08:51:24,12:18:43 PM,6:35 AM,6:01 PM,5:55 AM,6:41 PM
28/01/2023,7:15:58 AM,7:51:36 AM,4:46:14 PM,5:21:52 PM,08:54:38,12:18:55 PM,6:34 AM,6:03 PM,5:54 AM,6:43 PM
29/01/2023,7:14:38 AM,7:50:08 AM,4:48:04 PM,5:23:34 PM,08:57:56,12:19:06 PM,6:33 AM,6:04 PM,5:53 AM,6:44 PM
30/01/2023,7:13:16 AM,7:48:37 AM,4:49:55 PM,5:25:17 PM,09:01:18,12:19:16 PM,6:32 AM,6:06 PM,5:52 AM,6:46 PM
31/01/2023,7:11:51 AM,7:47:05 AM,4:51:46 PM,5:27:00 PM,09:04:41,12:19:25 PM,6:30 AM,6:08 PM,5:50 AM,6:48 PM
01/02/2023,7:10:25 AM,7:45:30 AM,4:53:37 PM,5:28:43 PM,09:08:07,12:19:34 PM,6:29 AM,6:09 PM,5:49 AM,6:49 PM
02/02/2023,7:08:56 AM,7:43:54 AM,4:55:29 PM,5:30:27 PM,09:11:35,12:19:42 PM,6:27 AM,6:11 PM,5:48 AM,6:51 PM
03/02/2023,7:07:25 AM,7:42:15 AM,4:57:21 PM,5:32:12 PM,09:15:06,12:19:48 PM,6:26 AM,6:13 PM,5:46 AM,6:52 PM
04/02/2023,7:05:53 AM,7:40:35 AM,4:59:14 PM,5:33:56 PM,09:18:39,12:19:55 PM,6:25 AM,6:14 PM,5:45 AM,6:54 PM
05/02/2023,7:04:18 AM,7:38:53 AM,5:01:07 PM,5:35:42 PM,09:22:14,12:20:00 PM,6:23 AM,6:16 PM,5:44 AM,6:56 PM
06/02/2023,7:02:41 AM,7:37:09 AM,5:03:00 PM,5:37:27 PM,09:25:51,12:20:04 PM,6:22 AM,6:18 PM,5:42 AM,6:57 PM
07/02/2023,7:01:03 AM,7:35:23 AM,5:04:53 PM,5:39:13 PM,09:29:30,12:20:08 PM,6:20 AM,6:19 PM,5:41 AM,6:59 PM
08/02/2023,6:59:22 AM,7:33:35 AM,5:06:46 PM,5:40:59 PM,09:33:11,12:20:11 PM,6:18 AM,6:21 PM,5:39 AM,7:00 PM
09/02/2023,6:57:40 AM,7:31:46 AM,5:08:39 PM,5:42:45 PM,09:36:53,12:20:13 PM,6:17 AM,6:23 PM,5:37 AM,7:02 PM
10/02/2023,6:55:56 AM,7:29:55 AM,5:10:33 PM,5:44:32 PM,09:40:38,12:20:14 PM,6:15 AM,6:24 PM,5:36 AM,7:04 PM
11/02/2023,6:54:10 AM,7:28:03 AM,5:12:26 PM,5:46:19 PM,09:44:23,12:20:14 PM,6:14 AM,6:26 PM,5:34 AM,7:05 PM
12/02/2023,6:52:23 AM,7:26:09 AM,5:14:19 PM,5:48:05 PM,09:48:10,12:20:14 PM,6:12 AM,6:28 PM,5:32 AM,7:07 PM
13/02/2023,6:50:34 AM,7:24:14 AM,5:16:13 PM,5:49:52 PM,09:51:59,12:20:13 PM,6:10 AM,6:29 PM,5:31 AM,7:09 PM
14/02/2023,6:48:43 AM,7:22:17 AM,5:18:06 PM,5:51:39 PM,09:55:49,12:20:11 PM,6:08 AM,6:31 PM,5:29 AM,7:10 PM
15/02/2023,6:46:51 AM,7:20:19 AM,5:19:59 PM,5:53:27 PM,09:59:40,12:20:09 PM,6:06 AM,6:33 PM,5:27 AM,7:12 PM
16/02/2023,6:44:58 AM,7:18:20 AM,5:21:52 PM,5:55:14 PM,10:03:32,12:20:06 PM,6:05 AM,6:35 PM,5:25 AM,7:14 PM
17/02/2023,6:43:03 AM,7:16:19 AM,5:23:44 PM,5:57:01 PM,10:07:25,12:20:02 PM,6:03 AM,6:36 PM,5:23 AM,7:16 PM
18/02/2023,6:41:06 AM,7:14:17 AM,5:25:37 PM,5:58:48 PM,10:11:20,12:19:57 PM,6:01 AM,6:38 PM,5:22 AM,7:17 PM
19/02/2023,6:39:08 AM,7:12:14 AM,5:27:29 PM,6:00:35 PM,10:15:15,12:19:52 PM,5:59 AM,6:40 PM,5:20 AM,7:19 PM
20/02/2023,6:37:09 AM,7:10:10 AM,5:29:22 PM,6:02:23 PM,10:19:12,12:19:46 PM,5:57 AM,6:41 PM,5:18 AM,7:21 PM
21/02/2023,6:35:08 AM,7:08:05 AM,5:31:14 PM,6:04:10 PM,10:23:09,12:19:39 PM,5:55 AM,6:43 PM,5:16 AM,7:23 PM
22/02/2023,6:33:07 AM,7:05:58 AM,5:33:05 PM,6:05:57 PM,10:27:07,12:19:32 PM,5:53 AM,6:45 PM,5:14 AM,7:24 PM
23/02/2023,6:31:04 AM,7:03:51 AM,5:34:57 PM,6:07:44 PM,10:31:06,12:19:24 PM,5:51 AM,6:47 PM,5:12 AM,7:26 PM
24/02/2023,6:29:00 AM,7:01:43 AM,5:36:48 PM,6:09:31 PM,10:35:05,12:19:15 PM,5:49 AM,6:48 PM,5:10 AM,7:28 PM
25/02/2023,6:26:54 AM,6:59:33 AM,5:38:39 PM,6:11:18 PM,10:39:06,12:19:06 PM,5:47 AM,6:50 PM,5:07 AM,7:30 PM
26/02/2023,6:24:48 AM,6:57:23 AM,5:40:30 PM,6:13:05 PM,10:43:07,12:18:57 PM,5:45 AM,6:52 PM,5:05 AM,7:32 PM
27/02/2023,6:22:40 AM,6:55:12 AM,5:42:20 PM,6:14:52 PM,10:47:08,12:18:46 PM,5:43 AM,6:54 PM,5:03 AM,7:33 PM
28/02/2023,6:20:32 AM,6:53:01 AM,5:44:10 PM,6:16:39 PM,10:51:09,12:18:36 PM,5:41 AM,6:56 PM,5:01 AM,7:35 PM
01/03/2023,6:18:22 AM,6:50:48 AM,5:46:00 PM,6:18:26 PM,10:55:12,12:18:24 PM,5:39 AM,6:57 PM,4:59 AM,7:37 PM
02/03/2023,6:16:12 AM,6:48:35 AM,5:47:50 PM,6:20:13 PM,10:59:15,12:18:12 PM,5:36 AM,6:59 PM,4:57 AM,7:39 PM
03/03/2023,6:14:00 AM,6:46:21 AM,5:49:39 PM,6:22:00 PM,11:03:18,12:18:00 PM,5:34 AM,7:01 PM,4:54 AM,7:41 PM
04/03/2023,6:11:48 AM,6:44:06 AM,5:51:28 PM,6:23:47 PM,11:07:22,12:17:47 PM,5:32 AM,7:03 PM,4:52 AM,7:43 PM
05/03/2023,6:09:35 AM,6:41:51 AM,5:53:17 PM,6:25:33 PM,11:11:26,12:17:34 PM,5:30 AM,7:04 PM,4:50 AM,7:44 PM
06/03/2023,6:07:21 AM,6:39:35 AM,5:55:06 PM,6:27:20 PM,11:15:31,12:17:20 PM,5:27 AM,7:06 PM,4:47 AM,7:46 PM
07/03/2023,6:05:06 AM,6:37:18 AM,5:56:54 PM,6:29:07 PM,11:19:36,12:17:06 PM,5:25 AM,7:08 PM,4:45 AM,7:48 PM
08/03/2023,6:02:50 AM,6:35:01 AM,5:58:42 PM,6:30:54 PM,11:23:41,12:16:52 PM,5:23 AM,7:10 PM,4:43 AM,7:50 PM
09/03/2023,6:00:34 AM,6:32:44 AM,6:00:30 PM,6:32:40 PM,11:27:46,12:16:37 PM,5:21 AM,7:12 PM,4:40 AM,7:52 PM
10/03/2023,5:58:17 AM,6:30:26 AM,6:02:18 PM,6:34:27 PM,11:31:52,12:16:22 PM,5:18 AM,7:13 PM,4:38 AM,7:54 PM
11/03/2023,5:55:59 AM,6:28:07 AM,6:04:05 PM,6:36:14 PM,11:35:58,12:16:06 PM,5:16 AM,7:15 PM,4:35 AM,7:56 PM
12/03/2023,5:53:40 AM,6:25:49 AM,6:05:52 PM,6:38:00 PM,11:40:03,12:15:50 PM,5:14 AM,7:17 PM,4:33 AM,7:58 PM
13/03/2023,5:51:21 AM,6:23:29 AM,6:07:39 PM,6:39:47 PM,11:44:10,12:15:34 PM,5:11 AM,7:19 PM,4:30 AM,8:00 PM
14/03/2023,5:49:02 AM,6:21:10 AM,6:09:26 PM,6:41:34 PM,11:48:16,12:15:18 PM,5:09 AM,7:21 PM,4:28 AM,8:02 PM
15/03/2023,5:46:42 AM,6:18:50 AM,6:11:12 PM,6:43:21 PM,11:52:22,12:15:01 PM,5:06 AM,7:23 PM,4:25 AM,8:04 PM
16/03/2023,5:44:21 AM,6:16:30 AM,6:12:58 PM,6:45:07 PM,11:56:28,12:14:44 PM,5:04 AM,7:24 PM,4:23 AM,8:06 PM
17/03/2023,5:42:00 AM,6:14:10 AM,6:14:44 PM,6:46:54 PM,12:00:34,12:14:27 PM,5:02 AM,7:26 PM,4:20 AM,8:08 PM
18/03/2023,5:39:38 AM,6:11:49 AM,6:16:30 PM,6:48:41 PM,12:04:41,12:14:10 PM,4:59 AM,7:28 PM,4:18 AM,8:10 PM
19/03/2023,5:37:16 AM,6:09:29 AM,6:18:16 PM,6:50:28 PM,12:08:47,12:13:52 PM,4:57 AM,7:30 PM,4:15 AM,8:12 PM
20/03/2023,5:34:54 AM,6:07:08 AM,6:20:02 PM,6:52:16 PM,12:12:54,12:13:35 PM,4:54 AM,7:32 PM,4:12 AM,8:14 PM
21/03/2023,5:32:31 AM,6:04:47 AM,6:21:47 PM,6:54:03 PM,12:17:00,12:13:17 PM,4:52 AM,7:34 PM,4:10 AM,8:16 PM
22/03/2023,5:30:08 AM,6:02:26 AM,6:23:32 PM,6:55:50 PM,12:21:06,12:12:59 PM,4:49 AM,7:36 PM,4:07 AM,8:18 PM
23/03/2023,5:27:44 AM,6:00:04 AM,6:25:18 PM,6:57:38 PM,12:25:14,12:12:41 PM,4:47 AM,7:38 PM,4:04 AM,8:20 PM
24/03/2023,5:25:20 AM,5:57:43 AM,6:27:03 PM,6:59:26 PM,12:29:20,12:12:23 PM,4:44 AM,7:40 PM,4:01 AM,8:22 PM
25/03/2023,5:22:56 AM,5:55:22 AM,6:28:48 PM,7:01:14 PM,12:33:26,12:12:05 PM,4:42 AM,7:42 PM,3:59 AM,8:25 PM
26/03/2023,6:20:32 AM,6:53:01 AM,7:30:33 PM,8:03:02 PM,12:37:32,1:11:47 PM,5:39 AM,8:43 PM,4:56 AM,9:27 PM
27/03/2023,6:18:08 AM,6:50:40 AM,7:32:18 PM,8:04:50 PM,12:41:38,1:11:29 PM,5:37 AM,8:45 PM,4:53 AM,9:29 PM
28/03/2023,6:15:43 AM,6:48:19 AM,7:34:02 PM,8:06:38 PM,12:45:43,1:11:11 PM,5:34 AM,8:47 PM,4:50 AM,9:31 PM
29/03/2023,6:13:18 AM,6:45:58 AM,7:35:47 PM,8:08:27 PM,12:49:49,1:10:53 PM,5:31 AM,8:49 PM,4:47 AM,9:33 PM
30/03/2023,6:10:53 AM,6:43:37 AM,7:37:32 PM,8:10:16 PM,12:53:55,1:10:35 PM,5:29 AM,8:51 PM,4:44 AM,9:36 PM
31/03/2023,6:08:28 AM,6:41:17 AM,7:39:16 PM,8:12:05 PM,12:57:59,1:10:17 PM,5:26 AM,8:53 PM,4:42 AM,9:38 PM
01/04/2023,6:06:03 AM,6:38:56 AM,7:41:01 PM,8:13:54 PM,13:02:05,1:09:59 PM,5:24 AM,8:55 PM,4:39 AM,9:40 PM
02/04/2023,6:03:38 AM,6:36:36 AM,7:42:45 PM,8:15:44 PM,13:06:09,1:09:41 PM,5:21 AM,8:57 PM,4:36 AM,9:43 PM
03/04/2023,6:01:13 AM,6:34:17 AM,7:44:30 PM,8:17:34 PM,13:10:13,1:09:23 PM,5:19 AM,8:59 PM,4:33 AM,9:45 PM
04/04/2023,5:58:48 AM,6:31:57 AM,7:46:15 PM,8:19:24 PM,13:14:18,1:09:06 PM,5:16 AM,9:01 PM,4:30 AM,9:47 PM
05/04/2023,5:56:23 AM,6:29:38 AM,7:47:59 PM,8:21:14 PM,13:18:21,1:08:49 PM,5:13 AM,9:03 PM,4:27 AM,9:50 PM
06/04/2023,5:53:58 AM,6:27:19 AM,7:49:44 PM,8:23:05 PM,13:22:25,1:08:31 PM,5:11 AM,9:05 PM,4:24 AM,9:52 PM
07/04/2023,5:51:33 AM,6:25:01 AM,7:51:28 PM,8:24:55 PM,13:26:27,1:08:14 PM,5:08 AM,9:08 PM,4:21 AM,9:55 PM
08/04/2023,5:49:09 AM,6:22:43 AM,7:53:13 PM,8:26:47 PM,13:30:30,1:07:58 PM,5:05 AM,9:10 PM,4:18 AM,9:57 PM
09/04/2023,5:46:44 AM,6:20:25 AM,7:54:57 PM,8:28:38 PM,13:34:32,1:07:41 PM,5:03 AM,9:12 PM,4:15 AM,10:00 PM
10/04/2023,5:44:20 AM,6:18:08 AM,7:56:42 PM,8:30:30 PM,13:38:34,1:07:25 PM,5:00 AM,9:14 PM,4:11 AM,10:02 PM
11/04/2023,5:41:56 AM,6:15:52 AM,7:58:26 PM,8:32:22 PM,13:42:34,1:07:09 PM,4:57 AM,9:16 PM,4:08 AM,10:05 PM
12/04/2023,5:39:33 AM,6:13:36 AM,8:00:11 PM,8:34:14 PM,13:46:35,1:06:53 PM,4:55 AM,9:18 PM,4:05 AM,10:08 PM
13/04/2023,5:37:09 AM,6:11:21 AM,8:01:55 PM,8:36:07 PM,13:50:34,1:06:38 PM,4:52 AM,9:20 PM,4:02 AM,10:10 PM
14/04/2023,5:34:47 AM,6:09:06 AM,8:03:40 PM,8:38:00 PM,13:54:34,1:06:23 PM,4:49 AM,9:22 PM,3:59 AM,10:13 PM
15/04/2023,5:32:24 AM,6:06:52 AM,8:05:25 PM,8:39:53 PM,13:58:33,1:06:08 PM,4:47 AM,9:25 PM,3:55 AM,10:16 PM
16/04/2023,5:30:02 AM,6:04:39 AM,8:07:09 PM,8:41:46 PM,14:02:30,1:05:54 PM,4:44 AM,9:27 PM,3:52 AM,10:19 PM
17/04/2023,5:27:40 AM,6:02:26 AM,8:08:54 PM,8:43:40 PM,14:06:28,1:05:40 PM,4:41 AM,9:29 PM,3:49 AM,10:21 PM
18/04/2023,5:25:19 AM,6:00:15 AM,8:10:38 PM,8:45:34 PM,14:10:23,1:05:26 PM,4:39 AM,9:31 PM,3:46 AM,10:24 PM
19/04/2023,5:22:58 AM,5:58:04 AM,8:12:23 PM,8:47:28 PM,14:14:19,1:05:13 PM,4:36 AM,9:33 PM,3:42 AM,10:27 PM
20/04/2023,5:20:38 AM,5:55:54 AM,8:14:07 PM,8:49:23 PM,14:18:13,1:05:00 PM,4:33 AM,9:36 PM,3:39 AM,10:30 PM
21/04/2023,5:18:19 AM,5:53:44 AM,8:15:52 PM,8:51:17 PM,14:22:08,1:04:48 PM,4:31 AM,9:38 PM,3:35 AM,10:33 PM
22/04/2023,5:16:00 AM,5:51:36 AM,8:17:36 PM,8:53:12 PM,14:26:00,1:04:36 PM,4:28 AM,9:40 PM,3:32 AM,10:36 PM
23/04/2023,5:13:42 AM,5:49:29 AM,8:19:21 PM,8:55:07 PM,14:29:52,1:04:25 PM,4:25 AM,9:43 PM,3:28 AM,10:39 PM
24/04/2023,5:11:25 AM,5:47:23 AM,8:21:05 PM,8:57:03 PM,14:33:42,1:04:14 PM,4:23 AM,9:45 PM,3:25 AM,10:43 PM
25/04/2023,5:09:08 AM,5:45:17 AM,8:22:49 PM,8:58:58 PM,14:37:32,1:04:03 PM,4:20 AM,9:47 PM,3:21 AM,10:46 PM
26/04/2023,5:06:53 AM,5:43:13 AM,8:24:33 PM,9:00:54 PM,14:41:20,1:03:53 PM,4:17 AM,9:49 PM,3:18 AM,10:49 PM
27/04/2023,5:04:38 AM,5:41:10 AM,8:26:17 PM,9:02:49 PM,14:45:07,1:03:44 PM,4:15 AM,9:52 PM,3:14 AM,10:53 PM
28/04/2023,5:02:24 AM,5:39:08 AM,8:28:01 PM,9:04:45 PM,14:48:53,1:03:35 PM,4:12 AM,9:54 PM,3:10 AM,10:56 PM
29/04/2023,5:00:11 AM,5:37:08 AM,8:29:44 PM,9:06:41 PM,14:52:36,1:03:26 PM,4:09 AM,9:57 PM,3:06 AM,11:00 PM
30/04/2023,4:57:59 AM,5:35:09 AM,8:31:27 PM,9:08:37 PM,14:56:18,1:03:18 PM,4:07 AM,9:59 PM,3:03 AM,11:03 PM
01/05/2023,4:55:48 AM,5:33:11 AM,8:33:10 PM,9:10:33 PM,14:59:59,1:03:10 PM,4:04 AM,10:01 PM,2:59 AM,11:07 PM
02/05/2023,4:53:38 AM,5:31:14 AM,8:34:53 PM,9:12:29 PM,15:03:39,1:03:04 PM,4:01 AM,10:04 PM,2:55 AM,11:11 PM
03/05/2023,4:51:30 AM,5:29:19 AM,8:36:36 PM,9:14:25 PM,15:07:17,1:02:57 PM,3:59 AM,10:06 PM,2:51 AM,11:14 PM
04/05/2023,4:49:22 AM,5:27:25 AM,8:38:18 PM,9:16:20 PM,15:10:53,1:02:51 PM,3:56 AM,10:09 PM,2:46 AM,11:18 PM
05/05/2023,4:47:16 AM,5:25:33 AM,8:39:59 PM,9:18:16 PM,15:14:26,1:02:46 PM,3:53 AM,10:11 PM,2:42 AM,11:22 PM
06/05/2023,4:45:11 AM,5:23:42 AM,8:41:40 PM,9:20:11 PM,15:17:58,1:02:41 PM,3:51 AM,10:14 PM,2:38 AM,11:27 PM
07/05/2023,4:43:08 AM,5:21:53 AM,8:43:21 PM,9:22:06 PM,15:21:28,1:02:37 PM,3:48 AM,10:16 PM,2:33 AM,11:31 PM
08/05/2023,4:41:06 AM,5:20:05 AM,8:45:01 PM,9:24:01 PM,15:24:56,1:02:33 PM,3:46 AM,10:19 PM,2:29 AM,11:35 PM
09/05/2023,4:39:05 AM,5:18:19 AM,8:46:41 PM,9:25:55 PM,15:28:22,1:02:30 PM,3:43 AM,10:21 PM,2:24 AM,11:40 PM
10/05/2023,4:37:07 AM,5:16:35 AM,8:48:20 PM,9:27:49 PM,15:31:45,1:02:28 PM,3:40 AM,10:24 PM,2:19 AM,11:45 PM
11/05/2023,4:35:09 AM,5:14:53 AM,8:49:59 PM,9:29:42 PM,15:35:06,1:02:26 PM,3:38 AM,10:26 PM,2:14 AM,11:50 PM
12/05/2023,4:33:14 AM,5:13:13 AM,8:51:36 PM,9:31:35 PM,15:38:23,1:02:25 PM,3:35 AM,10:29 PM,2:08 AM,11:56 PM
13/05/2023,4:31:20 AM,5:11:34 AM,8:53:13 PM,9:33:27 PM,15:41:39,1:02:24 PM,3:33 AM,10:31 PM,2:02 AM,12:02 AM
14/05/2023,4:29:28 AM,5:09:58 AM,8:54:49 PM,9:35:19 PM,15:44:51,1:02:24 PM,3:30 AM,10:34 PM,1:56 AM,12:08 AM
15/05/2023,4:27:38 AM,5:08:23 AM,8:56:25 PM,9:37:10 PM,15:48:02,1:02:24 PM,3:28 AM,10:36 PM,1:49 AM,12:15 AM
16/05/2023,4:25:50 AM,5:06:51 AM,8:57:59 PM,9:39:00 PM,15:51:08,1:02:25 PM,3:25 AM,10:39 PM,1:40 AM,12:24 AM
17/05/2023,4:24:04 AM,5:05:20 AM,8:59:32 PM,9:40:49 PM,15:54:12,1:02:26 PM,3:23 AM,10:41 PM,1:30 AM,12:34 AM
18/05/2023,4:22:20 AM,5:03:52 AM,9:01:05 PM,9:42:37 PM,15:57:13,1:02:29 PM,3:20 AM,10:44 PM,1:12 AM,12:52 AM
19/05/2023,4:20:39 AM,5:02:26 AM,9:02:36 PM,9:44:24 PM,16:00:10,1:02:31 PM,3:18 AM,10:46 PM,1:00 AM,1:00 AM
20/05/2023,4:18:59 AM,5:01:03 AM,9:04:06 PM,9:46:09 PM,16:03:03,1:02:34 PM,3:16 AM,10:49 PM,1:00 AM,1:00 AM
21/05/2023,4:17:22 AM,4:59:41 AM,9:05:35 PM,9:47:54 PM,16:05:54,1:02:38 PM,3:13 AM,10:51 PM,1:00 AM,1:00 AM
22/05/2023,4:15:48 AM,4:58:23 AM,9:07:02 PM,9:49:37 PM,16:08:39,1:02:42 PM,3:11 AM,10:53 PM,1:00 AM,1:00 AM
23/05/2023,4:14:16 AM,4:57:06 AM,9:08:28 PM,9:51:18 PM,16:11:22,1:02:47 PM,3:09 AM,10:56 PM,1:00 AM,1:00 AM
24/05/2023,4:12:46 AM,4:55:52 AM,9:09:52 PM,9:52:58 PM,16:14:00,1:02:52 PM,3:06 AM,10:58 PM,1:00 AM,1:00 AM
25/05/2023,4:11:19 AM,4:54:41 AM,9:11:15 PM,9:54:37 PM,16:16:34,1:02:58 PM,3:04 AM,11:01 PM,1:00 AM,1:00 AM
26/05/2023,4:09:55 AM,4:53:32 AM,9:12:37 PM,9:56:14 PM,16:19:05,1:03:04 PM,3:02 AM,11:03 PM,1:00 AM,1:00 AM
27/05/2023,4:08:34 AM,4:52:26 AM,9:13:56 PM,9:57:48 PM,16:21:30,1:03:11 PM,3:00 AM,11:06 PM,1:00 AM,1:00 AM
28/05/2023,4:07:15 AM,4:51:22 AM,9:15:14 PM,9:59:21 PM,16:23:52,1:03:18 PM,2:58 AM,11:08 PM,1:00 AM,1:00 AM
29/05/2023,4:06:00 AM,4:50:22 AM,9:16:30 PM,10:00:52 PM,16:26:08,1:03:26 PM,2:56 AM,11:10 PM,1:00 AM,1:00 AM
30/05/2023,4:04:48 AM,4:49:24 AM,9:17:45 PM,10:02:20 PM,16:28:21,1:03:34 PM,2:54 AM,11:12 PM,1:00 AM,1:00 AM
31/05/2023,4:03:39 AM,4:48:29 AM,9:18:57 PM,10:03:46 PM,16:30:28,1:03:43 PM,2:52 AM,11:15 PM,1:00 AM,1:00 AM
01/06/2023,4:02:33 AM,4:47:36 AM,9:20:07 PM,10:05:10 PM,16:32:31,1:03:52 PM,2:50 AM,11:17 PM,1:00 AM,1:00 AM
02/06/2023,4:01:30 AM,4:46:47 AM,9:21:15 PM,10:06:32 PM,16:34:28,1:04:01 PM,2:48 AM,11:19 PM,1:00 AM,1:00 AM
03/06/2023,4:00:31 AM,4:46:01 AM,9:22:20 PM,10:07:50 PM,16:36:19,1:04:11 PM,2:46 AM,11:21 PM,1:00 AM,1:00 AM
04/06/2023,3:59:35 AM,4:45:18 AM,9:23:24 PM,10:09:06 PM,16:38:06,1:04:21 PM,2:45 AM,11:23 PM,1:00 AM,1:00 AM
05/06/2023,3:58:43 AM,4:44:37 AM,9:24:25 PM,10:10:19 PM,16:39:48,1:04:31 PM,2:43 AM,11:25 PM,1:00 AM,1:00 AM
06/06/2023,3:57:55 AM,4:44:00 AM,9:25:24 PM,10:11:29 PM,16:41:24,1:04:42 PM,2:41 AM,11:27 PM,1:00 AM,1:00 AM
07/06/2023,3:57:10 AM,4:43:26 AM,9:26:20 PM,10:12:36 PM,16:42:54,1:04:53 PM,2:40 AM,11:29 PM,1:00 AM,1:00 AM
08/06/2023,3:56:28 AM,4:42:55 AM,9:27:13 PM,10:13:40 PM,16:44:18,1:05:04 PM,2:39 AM,11:31 PM,1:00 AM,1:00 AM
09/06/2023,3:55:51 AM,4:42:28 AM,9:28:04 PM,10:14:41 PM,16:45:36,1:05:16 PM,2:37 AM,11:32 PM,1:00 AM,1:00 AM
10/06/2023,3:55:17 AM,4:42:03 AM,9:28:52 PM,10:15:38 PM,16:46:49,1:05:28 PM,2:36 AM,11:34 PM,1:00 AM,1:00 AM
11/06/2023,3:54:48 AM,4:41:42 AM,9:29:38 PM,10:16:32 PM,16:47:56,1:05:40 PM,2:35 AM,11:35 PM,1:00 AM,1:00 AM
12/06/2023,3:54:22 AM,4:41:24 AM,9:30:21 PM,10:17:23 PM,16:48:57,1:05:52 PM,2:34 AM,11:37 PM,1:00 AM,1:00 AM
13/06/2023,3:54:00 AM,4:41:09 AM,9:31:00 PM,10:18:09 PM,16:49:51,1:06:05 PM,2:33 AM,11:38 PM,1:00 AM,1:00 AM
14/06/2023,3:53:42 AM,4:40:58 AM,9:31:37 PM,10:18:52 PM,16:50:39,1:06:17 PM,2:32 AM,11:39 PM,1:00 AM,1:00 AM
15/06/2023,3:53:29 AM,4:40:49 AM,9:32:11 PM,10:19:32 PM,16:51:22,1:06:30 PM,2:32 AM,11:40 PM,1:00 AM,1:00 AM
16/06/2023,3:53:19 AM,4:40:44 AM,9:32:42 PM,10:20:07 PM,16:51:58,1:06:43 PM,2:31 AM,11:41 PM,1:00 AM,1:00 AM
17/06/2023,3:53:13 AM,4:40:42 AM,9:33:09 PM,10:20:39 PM,16:52:27,1:06:56 PM,2:31 AM,11:42 PM,1:00 AM,1:00 AM
18/06/2023,3:53:12 AM,4:40:44 AM,9:33:34 PM,10:21:06 PM,16:52:50,1:07:09 PM,2:31 AM,11:43 PM,1:00 AM,1:00 AM
19/06/2023,3:53:14 AM,4:40:49 AM,9:33:55 PM,10:21:30 PM,16:53:06,1:07:22 PM,2:31 AM,11:43 PM,1:00 AM,1:00 AM
20/06/2023,3:53:21 AM,4:40:56 AM,9:34:14 PM,10:21:50 PM,16:53:18,1:07:35 PM,2:31 AM,11:44 PM,1:00 AM,1:00 AM
21/06/2023,3:53:31 AM,4:41:08 AM,9:34:29 PM,10:22:05 PM,16:53:21,1:07:48 PM,2:31 AM,11:44 PM,1:00 AM,1:00 AM
22/06/2023,3:53:46 AM,4:41:22 AM,9:34:41 PM,10:22:17 PM,16:53:19,1:08:01 PM,2:31 AM,11:44 PM,1:00 AM,1:00 AM
23/06/2023,3:54:04 AM,4:41:39 AM,9:34:49 PM,10:22:24 PM,16:53:10,1:08:14 PM,2:31 AM,11:44 PM,1:00 AM,1:00 AM
24/06/2023,3:54:27 AM,4:42:00 AM,9:34:54 PM,10:22:27 PM,16:52:54,1:08:27 PM,2:32 AM,11:44 PM,1:00 AM,1:00 AM
25/06/2023,3:54:53 AM,4:42:24 AM,9:34:56 PM,10:22:27 PM,16:52:32,1:08:40 PM,2:33 AM,11:44 PM,1:00 AM,1:00 AM
26/06/2023,3:55:24 AM,4:42:50 AM,9:34:55 PM,10:22:22 PM,16:52:05,1:08:53 PM,2:33 AM,11:43 PM,1:00 AM,1:00 AM
27/06/2023,3:55:58 AM,4:43:20 AM,9:34:50 PM,10:22:12 PM,16:51:30,1:09:05 PM,2:34 AM,11:43 PM,1:00 AM,1:00 AM
28/06/2023,3:56:36 AM,4:43:53 AM,9:34:43 PM,10:21:59 PM,16:50:50,1:09:18 PM,2:35 AM,11:42 PM,1:00 AM,1:00 AM
29/06/2023,3:57:18 AM,4:44:28 AM,9:34:31 PM,10:21:42 PM,16:50:03,1:09:30 PM,2:36 AM,11:42 PM,1:00 AM,1:00 AM
30/06/2023,3:58:03 AM,4:45:07 AM,9:34:17 PM,10:21:21 PM,16:49:10,1:09:42 PM,2:38 AM,11:41 PM,1:00 AM,1:00 AM
01/07/2023,3:58:52 AM,4:45:48 AM,9:33:59 PM,10:20:55 PM,16:48:11,1:09:53 PM,2:39 AM,11:40 PM,1:00 AM,1:00 AM
02/07/2023,3:59:44 AM,4:46:32 AM,9:33:38 PM,10:20:26 PM,16:47:06,1:10:05 PM,2:40 AM,11:39 PM,1:00 AM,1:00 AM
03/07/2023,4:00:39 AM,4:47:19 AM,9:33:13 PM,10:19:53 PM,16:45:54,1:10:16 PM,2:42 AM,11:38 PM,1:00 AM,1:00 AM
04/07/2023,4:01:38 AM,4:48:08 AM,9:32:46 PM,10:19:16 PM,16:44:38,1:10:27 PM,2:44 AM,11:36 PM,1:00 AM,1:00 AM
05/07/2023,4:02:40 AM,4:49:00 AM,9:32:15 PM,10:18:35 PM,16:43:15,1:10:38 PM,2:45 AM,11:35 PM,1:00 AM,1:00 AM
06/07/2023,4:03:46 AM,4:49:54 AM,9:31:41 PM,10:17:50 PM,16:41:47,1:10:48 PM,2:47 AM,11:34 PM,1:00 AM,1:00 AM
07/07/2023,4:04:54 AM,4:50:51 AM,9:31:04 PM,10:17:02 PM,16:40:13,1:10:58 PM,2:49 AM,11:32 PM,1:00 AM,1:00 AM
08/07/2023,4:06:05 AM,4:51:51 AM,9:30:24 PM,10:16:10 PM,16:38:33,1:11:07 PM,2:51 AM,11:30 PM,1:00 AM,1:00 AM
09/07/2023,4:07:18 AM,4:52:52 AM,9:29:41 PM,10:15:14 PM,16:36:49,1:11:16 PM,2:53 AM,11:29 PM,1:00 AM,1:00 AM
10/07/2023,4:08:35 AM,4:53:56 AM,9:28:54 PM,10:14:15 PM,16:34:58,1:11:25 PM,2:55 AM,11:27 PM,1:00 AM,1:00 AM
11/07/2023,4:09:54 AM,4:55:02 AM,9:28:05 PM,10:13:13 PM,16:33:03,1:11:33 PM,2:57 AM,11:25 PM,1:00 AM,1:00 AM
12/07/2023,4:11:15 AM,4:56:10 AM,9:27:12 PM,10:12:07 PM,16:31:02,1:11:41 PM,2:59 AM,11:23 PM,1:00 AM,1:00 AM
13/07/2023,4:12:39 AM,4:57:19 AM,9:26:17 PM,10:10:58 PM,16:28:58,1:11:48 PM,3:01 AM,11:21 PM,1:00 AM,1:00 AM
14/07/2023,4:14:05 AM,4:58:31 AM,9:25:19 PM,10:09:45 PM,16:26:48,1:11:55 PM,3:04 AM,11:19 PM,1:00 AM,1:00 AM
15/07/2023,4:15:33 AM,4:59:45 AM,9:24:18 PM,10:08:30 PM,16:24:33,1:12:02 PM,3:06 AM,11:17 PM,1:00 AM,1:00 AM
16/07/2023,4:17:03 AM,5:01:00 AM,9:23:15 PM,10:07:11 PM,16:22:15,1:12:07 PM,3:08 AM,11:15 PM,1:00 AM,1:00 AM
17/07/2023,4:18:35 AM,5:02:17 AM,9:22:08 PM,10:05:50 PM,16:19:51,1:12:13 PM,3:10 AM,11:13 PM,1:00 AM,1:00 AM
18/07/2023,4:20:09 AM,5:03:36 AM,9:20:59 PM,10:04:26 PM,16:17:23,1:12:18 PM,3:13 AM,11:11 PM,1:00 AM,1:00 AM
19/07/2023,4:21:45 AM,5:04:56 AM,9:19:47 PM,10:02:59 PM,16:14:51,1:12:22 PM,3:15 AM,11:09 PM,1:00 AM,1:00 AM
20/07/2023,4:23:22 AM,5:06:18 AM,9:18:33 PM,10:01:29 PM,16:12:15,1:12:26 PM,3:17 AM,11:06 PM,1:00 AM,1:00 AM
21/07/2023,4:25:01 AM,5:07:41 AM,9:17:16 PM,9:59:57 PM,16:09:35,1:12:29 PM,3:20 AM,11:04 PM,1:00 AM,1:00 AM
22/07/2023,4:26:41 AM,5:09:06 AM,9:15:57 PM,9:58:22 PM,16:06:51,1:12:31 PM,3:22 AM,11:02 PM,1:00 AM,1:00 AM
23/07/2023,4:28:22 AM,5:10:32 AM,9:14:35 PM,9:56:45 PM,16:04:03,1:12:33 PM,3:25 AM,10:59 PM,1:00 AM,1:00 AM
24/07/2023,4:30:04 AM,5:11:58 AM,9:13:11 PM,9:55:05 PM,16:01:13,1:12:35 PM,3:27 AM,10:57 PM,1:00 AM,1:00 AM
25/07/2023,4:31:48 AM,5:13:27 AM,9:11:45 PM,9:53:23 PM,15:58:18,1:12:36 PM,3:30 AM,10:55 PM,1:00 AM,1:00 AM
26/07/2023,4:33:33 AM,5:14:56 AM,9:10:16 PM,9:51:39 PM,15:55:20,1:12:36 PM,3:32 AM,10:52 PM,1:35 AM,12:49 AM
27/07/2023,4:35:18 AM,5:16:26 AM,9:08:45 PM,9:49:53 PM,15:52:19,1:12:36 PM,3:34 AM,10:50 PM,1:47 AM,12:37 AM
28/07/2023,4:37:05 AM,5:17:57 AM,9:07:13 PM,9:48:04 PM,15:49:16,1:12:35 PM,3:37 AM,10:47 PM,1:56 AM,12:29 AM
29/07/2023,4:38:52 AM,5:19:29 AM,9:05:38 PM,9:46:14 PM,15:46:09,1:12:33 PM,3:39 AM,10:45 PM,2:03 AM,12:21 AM
30/07/2023,4:40:40 AM,5:21:01 AM,9:04:01 PM,9:44:22 PM,15:43:00,1:12:31 PM,3:42 AM,10:42 PM,2:10 AM,12:14 AM
31/07/2023,4:42:29 AM,5:22:35 AM,9:02:22 PM,9:42:28 PM,15:39:47,1:12:28 PM,3:44 AM,10:40 PM,2:16 AM,12:08 AM
01/08/2023,4:44:18 AM,5:24:09 AM,9:00:41 PM,9:40:32 PM,15:36:32,1:12:25 PM,3:47 AM,10:37 PM,2:21 AM,12:03 AM
02/08/2023,4:46:08 AM,5:25:44 AM,8:58:58 PM,9:38:34 PM,15:33:14,1:12:21 PM,3:49 AM,10:35 PM,2:26 AM,11:57 PM
03/08/2023,4:47:58 AM,5:27:19 AM,8:57:13 PM,9:36:35 PM,15:29:54,1:12:16 PM,3:52 AM,10:32 PM,2:31 AM,11:52 PM
04/08/2023,4:49:48 AM,5:28:55 AM,8:55:27 PM,9:34:34 PM,15:26:32,1:12:11 PM,3:54 AM,10:29 PM,2:36 AM,11:47 PM
05/08/2023,4:51:39 AM,5:30:32 AM,8:53:39 PM,9:32:31 PM,15:23:07,1:12:05 PM,3:56 AM,10:27 PM,2:41 AM,11:43 PM
06/08/2023,4:53:30 AM,5:32:09 AM,8:51:49 PM,9:30:27 PM,15:19:40,1:11:59 PM,3:59 AM,10:24 PM,2:45 AM,11:38 PM
07/08/2023,4:55:22 AM,5:33:46 AM,8:49:58 PM,9:28:22 PM,15:16:12,1:11:52 PM,4:01 AM,10:22 PM,2:49 AM,11:34 PM
08/08/2023,4:57:13 AM,5:35:24 AM,8:48:05 PM,9:26:15 PM,15:12:41,1:11:44 PM,4:04 AM,10:19 PM,2:53 AM,11:29 PM
09/08/2023,4:59:05 AM,5:37:02 AM,8:46:11 PM,9:24:07 PM,15:09:09,1:11:36 PM,4:06 AM,10:16 PM,2:57 AM,11:25 PM
10/08/2023,5:00:57 AM,5:38:40 AM,8:44:15 PM,9:21:58 PM,15:05:35,1:11:27 PM,4:08 AM,10:14 PM,3:01 AM,11:21 PM
11/08/2023,5:02:48 AM,5:40:19 AM,8:42:17 PM,9:19:48 PM,15:01:58,1:11:18 PM,4:11 AM,10:11 PM,3:05 AM,11:17 PM
12/08/2023,5:04:40 AM,5:41:58 AM,8:40:19 PM,9:17:36 PM,14:58:21,1:11:08 PM,4:13 AM,10:08 PM,3:08 AM,11:13 PM
13/08/2023,5:06:32 AM,5:43:37 AM,8:38:19 PM,9:15:24 PM,14:54:42,1:10:58 PM,4:15 AM,10:06 PM,3:12 AM,11:09 PM
14/08/2023,5:08:24 AM,5:45:16 AM,8:36:18 PM,9:13:10 PM,14:51:02,1:10:47 PM,4:18 AM,10:03 PM,3:15 AM,11:05 PM
15/08/2023,5:10:15 AM,5:46:56 AM,8:34:15 PM,9:10:55 PM,14:47:19,1:10:35 PM,4:20 AM,10:00 PM,3:19 AM,11:02 PM
16/08/2023,5:12:07 AM,5:48:35 AM,8:32:11 PM,9:08:40 PM,14:43:36,1:10:23 PM,4:22 AM,9:58 PM,3:22 AM,10:58 PM
17/08/2023,5:13:58 AM,5:50:15 AM,8:30:06 PM,9:06:23 PM,14:39:51,1:10:11 PM,4:25 AM,9:55 PM,3:25 AM,10:54 PM
18/08/2023,5:15:49 AM,5:51:55 AM,8:28:01 PM,9:04:06 PM,14:36:06,1:09:58 PM,4:27 AM,9:52 PM,3:28 AM,10:51 PM
19/08/2023,5:17:40 AM,5:53:34 AM,8:25:53 PM,9:01:48 PM,14:32:19,1:09:44 PM,4:29 AM,9:49 PM,3:32 AM,10:47 PM
20/08/2023,5:19:31 AM,5:55:14 AM,8:23:45 PM,8:59:29 PM,14:28:31,1:09:30 PM,4:31 AM,9:47 PM,3:35 AM,10:43 PM
21/08/2023,5:21:21 AM,5:56:54 AM,8:21:36 PM,8:57:10 PM,14:24:42,1:09:15 PM,4:33 AM,9:44 PM,3:38 AM,10:40 PM
22/08/2023,5:23:11 AM,5:58:34 AM,8:19:26 PM,8:54:49 PM,14:20:52,1:09:00 PM,4:36 AM,9:41 PM,3:41 AM,10:36 PM
23/08/2023,5:25:01 AM,6:00:14 AM,8:17:16 PM,8:52:28 PM,14:17:02,1:08:45 PM,4:38 AM,9:39 PM,3:43 AM,10:33 PM
24/08/2023,5:26:51 AM,6:01:54 AM,8:15:04 PM,8:50:07 PM,14:13:10,1:08:29 PM,4:40 AM,9:36 PM,3:46 AM,10:30 PM
25/08/2023,5:28:40 AM,6:03:34 AM,8:12:51 PM,8:47:45 PM,14:09:17,1:08:13 PM,4:42 AM,9:33 PM,3:49 AM,10:26 PM
26/08/2023,5:30:29 AM,6:05:14 AM,8:10:38 PM,8:45:22 PM,14:05:24,1:07:56 PM,4:44 AM,9:31 PM,3:52 AM,10:23 PM
27/08/2023,5:32:18 AM,6:06:54 AM,8:08:24 PM,8:42:59 PM,14:01:30,1:07:39 PM,4:46 AM,9:28 PM,3:55 AM,10:20 PM
28/08/2023,5:34:07 AM,6:08:34 AM,8:06:09 PM,8:40:36 PM,13:57:35,1:07:21 PM,4:49 AM,9:25 PM,3:57 AM,10:16 PM
29/08/2023,5:35:55 AM,6:10:13 AM,8:03:53 PM,8:38:12 PM,13:53:40,1:07:03 PM,4:51 AM,9:23 PM,4:00 AM,10:13 PM
30/08/2023,5:37:43 AM,6:11:53 AM,8:01:37 PM,8:35:47 PM,13:49:44,1:06:45 PM,4:53 AM,9:20 PM,4:03 AM,10:10 PM
31/08/2023,5:39:30 AM,6:13:33 AM,7:59:20 PM,8:33:23 PM,13:45:47,1:06:27 PM,4:55 AM,9:17 PM,4:05 AM,10:07 PM
01/09/2023,5:41:18 AM,6:15:13 AM,7:57:03 PM,8:30:58 PM,13:41:50,1:06:08 PM,4:57 AM,9:14 PM,4:08 AM,10:03 PM
02/09/2023,5:43:05 AM,6:16:52 AM,7:54:45 PM,8:28:32 PM,13:37:53,1:05:48 PM,4:59 AM,9:12 PM,4:10 AM,10:00 PM
03/09/2023,5:44:51 AM,6:18:32 AM,7:52:26 PM,8:26:07 PM,13:33:54,1:05:29 PM,5:01 AM,9:09 PM,4:13 AM,9:57 PM
04/09/2023,5:46:38 AM,6:20:11 AM,7:50:07 PM,8:23:41 PM,13:29:56,1:05:09 PM,5:03 AM,9:06 PM,4:15 AM,9:54 PM
05/09/2023,5:48:24 AM,6:21:51 AM,7:47:48 PM,8:21:15 PM,13:25:57,1:04:49 PM,5:05 AM,9:04 PM,4:18 AM,9:51 PM
06/09/2023,5:50:09 AM,6:23:31 AM,7:45:28 PM,8:18:49 PM,13:21:57,1:04:29 PM,5:07 AM,9:01 PM,4:20 AM,9:48 PM
07/09/2023,5:51:55 AM,6:25:10 AM,7:43:08 PM,8:16:23 PM,13:17:58,1:04:09 PM,5:09 AM,8:58 PM,4:22 AM,9:45 PM
08/09/2023,5:53:40 AM,6:26:49 AM,7:40:47 PM,8:13:56 PM,13:13:58,1:03:48 PM,5:11 AM,8:56 PM,4:25 AM,9:42 PM
09/09/2023,5:55:25 AM,6:28:29 AM,7:38:26 PM,8:11:30 PM,13:09:57,1:03:27 PM,5:13 AM,8:53 PM,4:27 AM,9:39 PM
10/09/2023,5:57:09 AM,6:30:08 AM,7:36:05 PM,8:09:04 PM,13:05:57,1:03:07 PM,5:15 AM,8:51 PM,4:29 AM,9:36 PM
